N,P,K,temperature,humidity,ph,rainfall,label,yield_estimate
111.5160181604326,30.68087058126293,160.93820005455385,28.889755528127044,52.341616745408835,4.139839461235218,147.67119196651106,mungbean,4002.2516668341314
99.13016089144637,7.881829201412343,198.98197043239887,37.13549242801476,32.26116351833175,4.663679790125444,70.9864537392546,blackgram,3825.4534577572263
0.9892827307604368,8.228739505798206,109.95493205167783,21.995134010033944,18.013247036370927,9.73203532058534,84.71043263962457,coffee,2543.6386071969246
53.54467877740278,142.65232401295034,98.35257864959598,38.09791423577122,72.50644831854905,6.3831952126050755,23.687659202442894,coconut,7653.210534109116
113.17562873630456,47.645927684271896,24.534422801276776,31.94815592792549,51.85311446160571,4.281044703006584,157.6591810109331,watermelon,2206.3311266913106
54.748485060253714,30.513052290328726,156.0722820635305,22.880455607193564,31.88298300666424,7.133282098047946,28.705095302645287,watermelon,7053.708647569991
131.5298518189865,130.27582905987083,124.57999576221702,40.265598225809086,21.610355176465077,4.7542903194825294,32.57318631712958,mango,3951.981984579586
104.62481541923331,80.55689853447117,122.35023313276965,41.78393575424483,66.20494530105489,5.266394764944278,102.36403458573491,apple,2991.6016343780148
59.27620729889175,60.28341254457976,63.697634943607625,8.492793795027955,31.100446751637243,8.05258849759136,239.66880026767518,mungbean,5635.759848686068
50.18520199619817,21.22166833351816,177.6206851751187,29.815434438964527,42.45723013732783,3.906773441830551,106.4530854369541,pomegranate,3951.0999321604822
82.7816902790818,43.461051018608984,117.24868516954022,21.402440616382645,97.56724020346292,8.933048475302936,220.64080688383476,chickpea,3415.909518493734
69.1313834910147,78.18259611347916,90.50820367170992,8.88966943604333,23.278662721424183,3.701146788395099,196.92209433133095,watermelon,3886.1358864579597
127.05930634965303,39.900912080842495,87.07658460712595,34.44428984900671,33.676642232279534,3.9926714229042752,100.55090391002751,kidneybeans,2967.3277235240266
87.40956673873106,46.38871601727996,26.09885196605412,23.97870996690186,32.78587760064769,6.165663666370344,265.5519119794454,maize,3946.0701260316437
126.95598181640557,43.098514913848945,134.53802410827245,8.018213194836054,44.32092164473853,5.450600052211386,65.7743271737378,mungbean,5204.536516252652
96.94104460463785,42.71772673179301,53.825104449554836,13.89018647605257,32.81372288328404,7.071852812910984,132.26645555413535,pigeonpeas,2389.3534826538894
34.562648797404165,102.48259819757037,147.4541179848884,13.183042548368995,99.805681714209,5.207398491361824,291.4989577214775,cotton,4466.2220799093875
48.30997472373562,93.80918825819093,141.14109031095336,26.582710416099772,52.50935215328588,7.038515770056499,184.76968923847141,pigeonpeas,2485.1199579962913
101.95028880566034,56.48963858069545,131.46116611871588,30.173539876631313,60.07662283042923,4.0778545283482135,252.21409377380814,orange,3924.680389830415
97.41379295072346,125.17023267392078,70.19178104037695,15.70843666479419,75.15885978966953,8.68080669529418,116.92914446710077,mothbeans,2577.0593065485245
96.73128333434524,59.14294848207524,192.3459977473469,12.813233045109763,43.33170619032224,4.22623053593977,277.06482588144047,lentil,7264.036120285886
31.997003051621952,29.493689793431066,201.43366866588713,26.0822561944855,36.431309035415175,9.876023678450716,288.38657965828463,chickpea,5349.760721642586
39.04198936290546,103.05009619618798,174.33222844766118,37.97135021573324,48.78769893250835,9.181728632070143,256.55810875736853,lentil,7613.809965325685
125.7975863937911,89.90006835234259,6.83941032332593,11.551504000311123,71.0611521432928,3.5323941366157996,64.70463829406462,kidneybeans,5292.402736199517
62.779380018074626,144.2240447655149,40.185050535469074,8.63263772654323,56.47485950577538,4.644465339016504,121.87832211403506,coffee,6465.023138339374
92.06580492204807,84.56320446696603,23.734953565618497,20.870053107080174,36.80740362062839,5.061533717626135,290.49693422117986,chickpea,4358.586348000563
126.85383028059756,65.81521117146002,75.01568153893514,30.578617671069768,71.52746913102658,9.030672416460181,83.99150457115238,coffee,4995.160279308514
3.4042353004035375,95.36612142700349,40.42213588140979,40.916050452352,96.03785762222252,9.35513209741087,122.90411867101353,kidneybeans,2092.7396991732044
77.38709535696859,85.12094568391737,201.06631674320914,10.637118960214487,40.28994365869764,4.721830599362215,94.6360102154636,orange,4911.679245657894
77.95217674416902,136.06166838250934,144.2059593349946,27.952140953127774,22.357178464286093,7.4360462508746865,295.2349703289852,papaya,2840.504091419144
122.83223006991376,108.70760648558863,144.4031481990536,32.58694293954882,44.91623900489894,5.378987803292757,245.0024012230268,pomegranate,6860.6803680750845
11.42318525603365,5.725880788358149,130.57888298972722,14.799588372921479,20.10091886199378,6.039416494168886,34.11365162895235,grapes,7319.7028937039595
52.58161336959216,18.157471577721658,120.6560281992348,9.257979582885973,54.041429559391574,6.972925662128491,99.65846809166307,muskmelon,5544.999563414065
35.03519047222097,10.436862820119249,65.65310293464456,26.797884951882942,42.092006794459515,8.798361624240567,95.48893059788824,coffee,7791.510982344618
11.94864509912752,12.235440963605077,111.2709263136296,26.922229256353727,68.81897152884576,8.146984535825034,291.2868780905846,mungbean,5097.802089807172
111.32606726761851,42.91651517669039,92.79428414112722,10.745973346979309,16.180163933729347,9.660949853938721,252.4024735023932,coconut,6175.845236562188
8.147103371182105,133.12992186770725,93.47044594622089,16.392557570509112,22.073102946991092,4.670342381486767,279.8226912604393,jute,5829.623563060102
91.99558599002336,65.99420581490475,151.0078633123637,9.670064469207707,62.67920010249056,4.515337264911943,53.40577208996852,mungbean,4051.2780002984096
13.181978357598416,48.597863314781186,200.90210572430172,14.13655944612685,15.47585475753052,8.38553230722503,244.3218076201167,pigeonpeas,4077.825926536405
55.79066281563228,91.21901372731031,132.01873017352875,9.585640342021557,46.21668485787652,7.505503460571113,159.87187988526438,pigeonpeas,7138.939047129934
95.75492771573975,91.21916301458793,193.77832091215143,41.04880589938086,88.57910828573033,7.572983023654472,242.66390392170712,pigeonpeas,6063.010054297891
90.06035058192944,69.15540466881232,114.12335786318698,40.95126830717838,47.20482685086659,9.651619608473052,271.68747846378574,chickpea,3174.7468087357784
30.042476759172377,57.81627165191662,12.792626462046726,29.63888595182625,42.943662480430476,7.69662486643675,127.14026062842709,grapes,6089.682013836738
36.49723395302644,74.44524360107687,143.57807173838788,20.191781155861907,94.55174105959082,3.750792490724136,136.1889968169309,maize,7805.483309121485
24.841536129161195,110.08606522972016,166.3669478534528,42.66767997002356,49.485120214382675,5.880915749073813,235.84280308627513,kidneybeans,4044.821241518107
33.403560370647625,100.17826918603441,152.9817520894749,16.33826533413928,46.48468421116136,6.919695830595606,158.0440110098956,pigeonpeas,4337.708517315221
125.37325198946806,59.48823502278284,7.167530296059672,39.68836917467423,21.850654203607487,5.543607280578655,284.11722684012375,grapes,7703.6428816253365
69.0235920880527,16.65981756733635,23.340829451696216,29.085432406539162,61.61846250173886,4.861458528155065,283.0420829211099,coconut,6687.776302827216
12.768854426816652,74.21884265836141,16.51175200332886,27.233510881330744,51.97162311811042,9.18130676965312,117.55437348947787,mungbean,2702.4020985656352
96.32420142450547,122.17494239323234,178.37374106216828,37.346826731739476,50.643866854036936,4.9244890724545956,130.26914534328202,mango,7351.38145266066
11.388829289865967,16.877279971926868,202.32791570023508,21.09947785146421,45.87522464775262,8.701917230448018,283.33510451271275,maize,7916.006382937226
49.030554538043894,104.14536738164797,101.33339759282306,21.229565654278908,74.63725532951275,5.0918345883538425,111.81020306730939,kidneybeans,4606.711066929628
1.5895102674386696,70.61248987917767,16.26065513636747,12.158627069382518,24.10725722283102,7.654945933542807,227.40047643578768,grapes,5500.212590582958
11.604785037069592,78.97181698160928,92.2671663213112,36.07382371593569,98.09945751286729,7.058432247312542,109.70681594116826,orange,2260.4046997890364
139.01507145670206,15.331519062955842,115.77085688026416,41.92558874666847,58.9864145986328,7.528151284065681,213.41813553772357,jute,4727.24638860664
97.56950782093408,58.78825639309079,152.42014116860383,40.033901958418724,96.44840703707477,3.8703289456493275,129.6770600130601,jute,2640.5363956153064
38.833365617358574,31.336962361326584,97.73968098799644,20.36732798091185,64.19442561917501,3.997501676575903,290.8817565311943,jute,7917.264466877617
4.524233155351065,44.1668910036524,87.24134417443724,29.097365870815448,37.30235725630117,4.352384801431998,41.18370552856736,coffee,7643.1909628123
101.6007311743704,90.87812743101058,88.64860725812377,40.64549691739047,88.48149449703511,3.7893994886796123,27.330018910236056,coconut,4258.780201268298
67.25181146128965,142.94004709317062,80.34779398758815,34.23524049916252,47.797092612181885,8.806651012521693,178.20464842807783,rice,2381.0709775400082
58.07473032727312,43.27699007029887,16.275099330185423,38.265283168926864,83.90948678518667,9.898193109031237,297.0650407065457,lentil,5332.590233615765
101.65691817005873,110.99136828594382,80.57010985515728,16.437969131537116,31.633898251561142,5.10923161287551,96.37543957320264,pigeonpeas,3243.3658940483388
94.03809581681995,91.53795366410542,76.6325436065681,11.974515726987015,71.75529482098077,6.829969285784277,234.70451290250773,rice,5120.98100667196
114.29400292982874,140.51632716157522,22.681644673129316,35.71362438143716,64.7362071538367,6.5722941889182405,136.90894646889086,mango,6708.0095836658575
98.5711675338913,34.8149826112475,32.27429511735395,8.509063298375867,44.15053005736734,7.275473195869652,129.0438445377256,watermelon,4624.849532142374
48.75576538326205,76.95852848237351,161.7306025482286,21.878997381244456,67.49945621959712,9.019127735979168,283.9667333768245,maize,2882.4408855742277
68.89628103113535,41.154214361854166,96.82715124765227,42.3011401349917,56.365156083386786,5.6040103058400526,196.08543750004975,orange,3440.8737126691585
75.21687833996981,69.41668225770009,121.95322118983074,22.010517111859848,73.99941133793612,4.652430543035511,213.62740761112795,coconut,4469.967286145169
72.13304768098952,141.2354488978146,125.38707910819204,15.83471730672122,84.67399476862263,5.708528818063275,116.63814162618601,chickpea,2190.828088910991
16.889021954084114,69.50902752458161,46.2667436811585,20.749445136682642,57.29388529351769,7.918526903227938,30.928774875825503,mothbeans,6796.462393454256
11.446264472842067,127.30100737494881,189.17448010636264,10.137728594920231,37.81147774065952,8.659688190675592,228.01619392665702,coffee,3107.126116138264
75.12269043822656,134.36584627504064,52.223306623480866,34.5984393128155,59.68885484172393,8.111302792905375,37.330898778125125,muskmelon,2886.43455143736
99.86894202383735,130.32895727620792,107.33548842313323,26.623971984286047,23.21679297522074,6.36343914767011,168.06760007449643,coconut,3454.823021808378
25.519742986634128,83.9551128826371,173.14199717558623,11.122151504921966,60.03885850533502,4.992585033918727,115.33366826935635,pigeonpeas,4843.819648583337
110.48397340502736,74.78190785006802,22.38405761748474,26.79872896364917,64.4683361497956,8.270812634779713,140.00135385185087,pomegranate,2765.4818167733824
47.24255674206853,130.95063560030172,126.51104445871457,16.55236044126291,56.84930201500885,5.61423028019785,279.5663270052451,lentil,2045.2061788044484
21.400279485806482,39.43408197383114,37.13627465191114,14.529845841795701,38.51818450767085,4.609591009886431,269.3007880461462,jute,2481.4024739698534
2.5539473999705464,102.57460473129902,204.45110695367887,39.38135920409073,63.535863931286755,9.371331923747402,21.473401778534306,coconut,7850.402977670855
93.61005078942034,135.11263847786202,116.35257860278595,28.006444131446493,38.07820205478444,8.424754772428397,71.9981620989915,mothbeans,3942.075418425462
27.930969827364766,108.07460571778834,110.96800463622333,32.75305334755556,80.02903712408414,4.058657149373923,160.69689986789848,coconut,7592.086053541605
74.56252055722202,12.255295155139766,72.32085563878411,12.704513692864099,19.450247460658026,9.83574548729565,109.61436890297298,grapes,6859.246675127809
19.43546828188285,5.379525918006154,28.339212828336265,24.56081703681623,66.12476177080212,8.583452479785361,49.66239153153522,rice,7104.364760098728
57.19256101102837,135.61132939399366,203.18589529147812,15.175063351863304,46.61365830688683,9.429276310974153,220.60384110885505,mango,2288.5678637845263
115.91172420484887,110.07026946714389,164.9074261839031,36.8796436842479,30.030828863780393,5.008427174815998,196.18488071420927,blackgram,7447.196782775096
82.36293461130794,100.61748887839853,95.38972025980785,32.982385919936405,91.37140029512689,7.494249882763761,170.059135212268,grapes,4632.468052330034
32.50977732055442,130.9404402584396,81.77824427464228,27.0243501389896,91.95660154295103,7.495123173849549,52.49765531692521,rice,7638.9927416808505
102.2768791533022,102.12046503646738,38.34615199867663,38.75201903807034,56.60643187074105,8.245349831289891,179.33593609355407,mungbean,7986.15569554306
98.97726457408426,114.00007146710514,33.62559710969393,15.159060760931215,75.40951107123081,6.661481517637521,229.7886111371124,rice,2617.49618446487
15.488443173729012,123.50332084283255,30.497732466396485,21.905055169612854,82.56740145704161,4.4594715350321525,83.73188787467433,grapes,6333.515410358397
1.7084301245262323,88.78197816873178,118.10166946459476,33.06626761565333,65.51652537085008,8.7915124979781,286.6227928887997,maize,4055.1455430712604
56.119198346909585,69.68081251017857,194.45666792236307,13.367299109062806,64.41576555344457,6.737687544860583,189.9842774508321,mothbeans,2108.661102925043
130.49655954770574,84.11864570248925,144.33016477537845,40.28747834120535,74.82252255095227,4.476249874651272,180.20816412637407,banana,5640.290278297136
10.824949168430216,19.59457524725333,173.08792639608458,39.87401693894996,24.561727238733106,5.009798621408519,66.01470188210655,coffee,3117.925276964724
121.78549068869796,77.63732799765009,123.25508714898585,21.96509463545456,18.709500938694696,5.645262346533766,243.1932587102472,rice,2027.792138027617
15.997422007796285,63.03064178850788,177.7036281225914,40.30360811294697,54.05021051941794,6.5773566597700714,275.3304135331257,lentil,5522.4093448194035
127.78492480307804,39.751701986001265,120.52639081830944,13.792966109979083,16.91360778120717,5.493428295249648,236.97780669781235,mango,3665.5230357765086
92.89523208233948,29.9250353617652,197.21406349389102,13.203195471358953,49.65767464052404,4.046237875703321,297.1310420131734,papaya,5013.1700619874555
43.391169677605525,60.624536164063706,90.35778106734988,35.99237077259943,44.04728191824264,6.4966837020248285,193.74332440019253,rice,4266.355684641016
79.07775865676629,14.199209519969331,160.1055233390021,23.86510921618097,59.09756316217188,6.32088158040466,131.4121309233406,apple,5357.841987849308
25.46993826933796,125.64998694189242,194.22309242672654,21.065826069791353,37.28404189034562,7.621597076729701,133.62809956527082,kidneybeans,2152.318133962069
121.37912640161329,62.11782935107826,115.34451905186795,16.88609974151565,30.86572657363694,6.735250426278617,185.42361635671693,papaya,4035.627475377146
24.996252687606706,96.38445509926245,52.6365562093453,11.48044874657708,34.91280842595305,8.122508363876218,257.88361813354743,pigeonpeas,6981.319187401949
132.21736158081828,24.7514588288799,86.2784616547044,19.33965213873799,21.47555128573004,7.552740959430148,224.58148246848864,kidneybeans,7088.768572801301
25.400960912571623,86.6258185357569,89.2849101184996,39.24350988769412,84.30014630950592,5.687631050866406,92.11971449389931,apple,4278.154449003601
116.29163091913496,53.326900283378585,159.76690464026805,20.69652631330809,88.05184971782606,4.904867360518136,290.92413972528584,mango,6678.552648728185
121.5855166257078,73.24036775493191,183.91044537881828,35.99493395815603,50.56836138435408,3.6438035732487513,94.692305909015,orange,5249.805287965201
56.35700610357728,35.52323504917211,134.0108335538659,22.759637709364863,25.375754156778413,9.26366272791287,212.15967641548391,grapes,6099.103138672888
128.00183291846986,21.48515160461976,120.30329510285071,17.59193272405221,61.659308216358234,7.669090485451931,250.66822143060205,mothbeans,3238.527630563619
19.60259541246286,41.9157323688463,58.29967867417644,33.62646024606718,35.562836808297405,7.551827605487665,157.40813033843946,pomegranate,5439.766269076405
58.62787348489024,58.639393954929645,108.78354105656751,9.643808837126926,28.300369713022828,8.223415145128772,43.01802968318516,orange,5618.912656798329
117.19105869842411,66.20707549001409,188.1027354583828,33.253650139266696,66.49480136268436,9.5755635011697,130.2685257084711,jute,7724.521619237798
102.56009360943504,35.09165300270595,11.236627012256935,17.179241550493877,65.17670204022193,3.829125206299202,157.9898167219437,coffee,5581.057093501335
87.2665571266987,71.39322321805174,73.87674640884664,20.30390563969766,49.5002453521807,8.0115235180093,186.32352419854698,maize,4758.089076566786
114.67432447438796,116.9182230556571,143.93929417088535,17.525079803048694,64.75983735074149,5.810232940416172,45.4598163848043,chickpea,7503.881452773457
133.03322953491235,67.4408082141138,42.02658576772393,26.966533158242534,89.07334188537111,8.186239273021192,244.22399910548302,orange,5952.700200264304
89.21242117052816,142.28075202519835,185.67276252720498,30.633272169100717,73.61306818529553,3.830213162615744,206.2370551449109,coffee,2264.992626260601
129.5347644381932,30.280548317826693,118.5890461105259,40.04209041558146,16.919354158378702,7.9634897103797755,102.66302404956912,apple,7546.377172259183
59.04677236227175,116.34785731427364,154.01290962404408,9.920891512626623,53.142356913109424,6.843581286855482,199.18396887397856,papaya,5901.004102659369
78.49480716049196,72.3486637381721,181.9996713046562,26.559279642221505,51.9287659103419,6.088706877963845,179.13491712250345,chickpea,6823.861876405385
110.70124307745489,49.62535041048979,130.17827528740182,39.00922118826655,66.9642341836782,4.990940638423256,26.78341727271757,kidneybeans,7220.593243405579
74.05119876380968,136.46947779180547,164.7566471547331,42.927693868666815,44.16121612884707,8.410005049159214,131.73679398336932,grapes,4879.253721823453
122.31479598608743,142.7716856879013,158.65468277290364,22.621837375856682,50.23670219582804,8.220526730168906,86.38004652358805,apple,2662.8446787883677
41.58040270368351,124.39505503686618,148.11066304684837,28.618798706481318,37.84484552992253,9.32617025316822,32.537988267249844,watermelon,2656.805592074691
30.555544301108984,137.99456575303154,162.2690028831104,11.129385080929083,49.91194671750384,9.126357168397854,282.63550219701204,kidneybeans,4804.4090674992185
138.48588737387024,109.06939520510738,17.997281896578805,22.055308274892063,86.05301323435911,4.975642853152122,250.91861993467364,grapes,2722.0325722099756
24.713924480771155,35.868069269824545,42.287652428850905,35.28545657483637,44.11077228833879,3.870193130005737,289.41053117914555,banana,7302.715309780554
83.61837014024775,78.50441012043754,57.04667359030546,26.033677351015406,56.242025314701884,9.876548965163035,269.48724915684465,chickpea,4780.284489293719
31.33446607516723,80.1764192050779,123.58798696834063,28.30301727432339,21.86786801620692,9.115749520834434,93.83681183966029,grapes,2777.089527696825
6.212732894653148,124.30709466858109,12.084473683709014,19.516797787945485,94.11669599543313,8.205360988950098,98.22668704055245,lentil,3515.8945637653105
36.36552972644567,106.2788159164019,104.17514701575416,10.836617556767678,32.935755367683775,7.872856087421414,41.16437893830345,mothbeans,7107.241484292612
123.60687767924458,77.25106286210632,186.302743888916,27.996162967185093,70.94163286916455,6.980185011183355,260.3290207254429,blackgram,6403.45951372221
121.54251256721658,39.33997451574684,36.468131940505195,13.614003686552524,42.72476357209045,5.027616200326512,278.56511744170734,coconut,2635.004562971504
26.491015569900824,128.42919858784904,197.26305763698147,24.291450306949425,89.60014729961932,3.5329290928301744,247.94524303945184,mothbeans,3371.750969149541
22.506385446763147,119.51538337666871,171.42683559154838,25.761370681629266,14.549184967647689,5.337044052319442,191.50568330845633,mungbean,7887.117068164541
16.218139949236072,57.73735067815183,6.814480930544993,36.65377971749446,25.046589756014455,5.313394868899723,25.122905809224456,orange,4593.444703355073
47.86210324541605,93.56706503875273,191.4056211020035,11.587840479673774,94.6016499023348,7.9024686227252054,38.85870243123779,maize,3805.7814016808975
107.93780095449897,104.20008064436811,99.7147776870177,10.02721611955794,20.423719927175444,8.955453818871344,295.26124762467987,orange,6056.313543120526
104.95125644400946,23.212073618288475,156.6526391858045,8.860542076058053,15.902625431493764,5.571105402557064,155.84280693249707,mango,6622.444506846759
38.30773327943322,144.59743002207955,90.2362604471946,23.79854585153864,28.07164862248355,8.58678111199955,212.84365876725383,maize,3324.6176767325624
108.19518920235262,37.20751562440075,31.26702528187561,38.381901288630246,96.83835219585134,3.700334807984104,223.2930786186846,maize,7457.1470656869105
89.39363267297198,60.6632157147912,59.84304046973401,42.43921767859399,49.2027245430937,9.222234903546461,83.92738043772195,pigeonpeas,3278.6282241504996
91.2333555526239,56.59368812132656,177.8716499679274,24.5623467342045,97.26463480066607,4.6873633004999755,261.4772406916598,orange,6659.581116750451
63.517108844739575,79.24961512195586,8.572378495663875,35.887923975240966,39.2984457075391,9.335750623743431,288.9681312846302,muskmelon,3112.753248059926
67.41312921175701,21.423146454735228,30.037158440510087,31.994785053014,51.00630696135379,4.783358250882155,156.66328399411944,muskmelon,2385.2536224508044
45.62956495329048,87.63695144398714,91.64934979433112,42.452299259101636,26.863935269410653,6.473431018469185,209.1669421278924,coffee,4373.270503279812
84.00287673670252,45.83276101930245,143.99637722530852,38.10428390162216,81.06718504482808,3.753560482229486,153.58093133767645,muskmelon,2629.5810705090494
14.390936628973197,84.926630258183,8.673527388107999,24.882473354305706,32.0900638730227,5.714506032926973,235.67371655044178,orange,7647.425025394319
72.4796300738596,17.30130988027667,75.12538624183615,9.16210880769783,20.757750755331784,6.0403089676902155,56.89497962397078,rice,5405.245089569349
97.04715171517533,120.0017019213813,13.236699055854334,31.463491042404428,95.83329779455812,4.29500778705958,269.14952214644063,watermelon,5568.659824261616
7.275979711206137,80.78148694214987,146.8121038901833,38.483919331113,75.41147616338878,8.631059731646669,114.36715352690008,lentil,6888.950682479073
92.5148165618951,82.42020336287418,124.49517252638601,35.43413936966017,55.3577295046127,3.760826278991826,65.59185571508023,mungbean,4631.64329893723
8.449291758678932,39.5944527614205,36.90893602263767,38.512424830727056,32.85240291279181,9.74553763724244,113.6570301123677,papaya,3092.7074941321957
92.21908857012265,74.74740030343946,116.07271018752624,33.17206223952924,33.64710775449169,9.876537062763148,290.9924990768057,jute,5901.954118081621
56.456590557336455,35.87855748912526,88.67995773353054,15.125239811978494,86.27890693981628,4.614837354100823,287.0969933133796,pomegranate,4495.4441968816445
88.02707454883232,107.94904181320537,158.54477761335605,25.669570866255622,60.7238450092428,6.78957355397584,183.48022910904203,cotton,2176.3666745390437
68.1336517994584,127.27925333143247,185.1403728022517,22.760232440570938,37.80719056221444,7.291042102997519,273.63701008144005,maize,3263.9731340339995
65.21379298283479,122.03972892936932,52.158418791841974,35.16000724624003,48.856675745373934,7.351874455436855,195.8462682369131,grapes,4237.091823133607
25.33677337932857,124.61391307174108,103.45557128960695,16.653087604111196,88.88449150943597,6.349953632017059,163.11922439245387,maize,4155.400216398594
13.336611113647681,96.2972543742613,67.42961133928941,21.966608114798888,87.7868178373527,3.5577945864291216,183.5787120686883,maize,5592.283880600646
135.77494631099626,68.5305357937095,52.21009266929279,10.572386156550444,28.599179837528503,6.826553270758513,113.6868830478976,kidneybeans,6973.3001952956565
62.92073692992328,87.30381195545417,194.71667097028674,16.838472372639675,44.89556432079712,5.927894975503513,188.33960782527743,rice,4140.39231824001
66.44832260497394,123.1838628556876,166.13403059001064,28.487402753886325,88.67133012414024,4.8173837442353165,51.11365419256835,mango,3618.4976691019374
17.215913194147742,37.358327739870525,15.339367448305392,30.40010383929198,33.32430121965048,4.65206679982543,44.61845241406111,maize,2619.8537427440942
5.820200267054894,25.768048134692442,202.32602459176937,41.77915437526159,14.424838360359226,9.591595426708729,197.6753427127091,coconut,7207.509767120133
73.04220652906984,52.97148833692815,111.44899776525982,12.40095291323271,25.413460228457854,4.4186711170521145,281.269902155662,muskmelon,6397.393510048051
135.78768645501785,18.146100210518576,139.52042364502526,23.53125767565999,88.66023387646545,4.6337586524632695,212.55001471887374,blackgram,7028.691737888661
95.65472396055041,74.60446696117982,128.56944804024278,38.41167445675514,63.07243821093935,3.6944771820597557,278.8037373509398,banana,6137.160506189367
84.08533595647306,136.72254988732908,170.3677767423755,31.344003094681756,63.637930357210344,5.730871470348611,64.28190977749983,rice,5629.723536143245
121.30141345387035,144.06717123020798,155.4855525231145,11.166859335046777,38.82696121563488,4.198301643300798,200.84223808609698,lentil,6591.145187334708
93.46307397890186,118.0984318717762,157.45702695532316,35.92347771005221,51.460165073912236,8.73413898352014,53.41811739302915,kidneybeans,5266.934587765098
45.44201618603784,56.304614881995704,84.23453832185108,32.34135223414518,47.41599670924973,6.371639184784197,86.03726838306304,jute,4239.51074977604
2.0533879864769333,87.18863907816113,38.68887702854393,30.490158913151635,79.30361220136648,6.7028499784367455,170.77709886436725,mango,7708.871357995947
67.08546286816234,8.589889212900996,73.24956552523128,21.306846657504998,48.29875915713344,7.213103163054926,168.34150799007222,maize,5647.430556760668
76.91799338026347,109.56260025901518,148.09818141985488,26.2431946369867,84.725834018267,6.257517385843414,269.28657257555403,apple,2427.6816203309836
34.0875215206819,134.78483627148293,17.05347805791217,40.705260938193,44.23955110260856,4.149093302074986,155.07234905379852,muskmelon,3540.6594063230477
93.81344484553183,135.1448228390785,111.45204266780803,28.33262186419792,21.70786516732502,8.09286902981523,131.1736474915554,cotton,7860.351431975473
17.251171584103247,125.31821105928248,164.95621908480433,14.460479533796153,39.393932872946664,8.57780645214616,71.49350814017988,banana,7506.514935028264
67.69639054078947,117.83895696852214,115.04530843125235,9.519438649918671,68.45101830108592,9.588981390122605,187.24808600068008,cotton,6915.133156560742
83.09539967724061,116.12413905327229,134.32118268457202,14.117070498958201,45.02643664351159,9.297703070641667,234.04462666996673,coffee,5339.822347620304
42.28847025687131,107.47412946198884,175.23485217055418,31.499863433571505,83.61957791608599,8.406599265282598,61.61770309203425,pigeonpeas,4543.668877479812
23.52198908428088,108.1623242921855,177.5594155086457,15.585893003177148,22.23145177473391,3.651286950696553,198.46807712322794,pigeonpeas,5642.564216532684
32.47259345623656,59.72683942677205,123.8952670372346,25.386840060070927,98.9495547384803,4.373214416363092,213.25018602523107,banana,4425.912608625753
62.41072804081205,106.43235919580654,8.164218353116489,19.93815085659772,84.40880691225402,7.360604225365583,113.74914290600687,coffee,7433.148753978043
11.118711658458125,16.992154943500275,183.83817493282365,14.715356365156001,41.809954341934784,4.9506009742527235,118.68897302127857,grapes,2416.54305647656
116.46083585519908,98.74436625875467,18.986321141886826,30.405887833985812,37.31867953901589,7.2939967465819056,209.07667684675948,orange,3384.9751349240723
26.645480794669492,12.327442610111163,80.69528469717382,20.70304951460972,99.61132220056611,6.35665504766491,112.73233475327172,chickpea,5482.850040300047
134.63320303367385,93.89440638274463,155.96756398816956,13.966727836087113,49.215095358447535,6.205210325735614,248.46219140450214,kidneybeans,2007.4200785564567
93.08764142821052,116.36299451056209,190.43556389589054,16.212472864940874,48.3411687596005,4.475462485314671,295.91041360002833,apple,7562.005807545772
34.11194024894133,99.01818210582522,23.585828875877986,16.996654325122798,81.75957099313479,9.033991629014658,189.159222719422,mango,5041.0305909228955
99.2242576840167,10.062453273466696,65.62567118906571,17.2089399468795,44.971731042550644,4.060913579288567,280.4742748026355,cotton,5322.813444274258
115.54005515260556,44.15849538600709,193.47740382044663,38.56678316033467,27.911722176281426,8.532166123245405,179.73529228433912,banana,5399.452173028511
29.191472010027013,135.28333005014827,28.273279577095217,36.610739797191705,46.733603238985886,9.119035650848446,261.31975984987116,cotton,6835.5524007057265
29.677548726313393,119.62290057039782,69.50559556928303,8.80128387416421,27.226038871450676,4.931132380776392,286.13576283469524,apple,5438.248573585096
115.14727890881053,23.55345418385878,177.40289645452452,40.296501667968805,55.887325018428484,7.380018801606256,232.61712465103273,pomegranate,3049.031763562475
133.3916538641812,120.52810743817955,138.26137716700794,12.261666889384617,55.128125982134215,6.7390883510192054,84.64927762557566,chickpea,2479.7923661558116
135.2151025614508,65.54970296621848,67.36322661705191,25.714965199408542,51.79800522243027,4.176253979275161,198.14971548387734,mango,3296.2290950575975
91.02815293574147,26.283479438010737,17.269925422133632,35.32665551239539,53.54283644416154,3.872248291235045,296.57283617319524,maize,2346.6833659781996
137.7150495368779,38.48521459022959,33.44987373743923,12.248472879785012,40.08166269081322,4.146693190468139,212.42085299096868,muskmelon,2373.7507887803763
88.64654764188496,37.045244678525904,51.5291077125362,15.72809204249737,28.942723226957327,7.696631504394601,255.74841609933358,kidneybeans,6345.9048180599675
124.12459013366534,67.96985083498515,43.924502364153014,20.871577280705136,49.61515871748772,8.796242531627996,223.94479779606976,pigeonpeas,6615.829361848038
18.73252307912842,63.60128702735094,163.06754717202963,28.37518804229903,72.56383514248904,4.714047028317934,192.06759765614657,maize,3941.0023694688425
88.10183284150307,32.83987888854143,17.923335968817227,9.492162325046145,45.9411368179121,5.201447274587606,199.61305432257723,papaya,4996.00300987171
68.35375918304895,26.006813057157796,69.935185378012,33.80749770857299,54.937559125713925,5.905685024932923,129.6644054424698,jute,4756.68061043592
133.87110669085277,23.64030058493357,25.42990593150762,31.054225117260525,95.08347816154051,8.676854154472501,41.2438869237783,jute,3676.2062836082982
5.379688854725499,131.2466788989593,97.29549292494683,30.302051688289815,70.70443730969731,9.228753540521833,196.99417164248362,papaya,5683.60150856037
21.02366011438583,108.24072762100798,107.4443841625349,31.807972272292368,17.583869451805047,4.042668902693141,219.13790188142568,grapes,2432.5060159920404
1.695186532884243,138.9101957619272,152.50167189180138,20.363799297572246,39.502059990738346,5.738100670373438,235.35368166836855,chickpea,5968.2236664224865
24.375306946771808,18.775390959875622,137.06054394026762,34.75304317776076,36.79399283595035,3.634047750597842,42.8437235584468,coconut,7807.160209070183
107.6912406973387,92.45289963959692,81.38792793057918,15.19905417684443,24.439231961708952,7.436082995448746,235.34819101730506,blackgram,5863.425521246784
45.110170482247966,22.532699860595798,99.86722198124278,11.9884822150011,55.797333256068434,9.38990195980421,164.77354342991114,papaya,5698.998361370501
17.933404491268004,52.35745083922978,190.61672806520994,15.861546414534818,46.00636405002614,6.265292050842854,142.1545871350577,maize,5677.6374949671535
38.33078305197491,134.96445459880078,140.19645511727109,25.36167435379603,15.093480538872843,9.85145856313261,206.66447190071082,coffee,3901.5348640696693
118.51200741663892,133.64971470953762,55.448204034672315,34.426467506119735,53.606396765576044,8.888790738496393,222.52040825092848,mungbean,6658.684678998347
7.540148979723657,49.80837655293769,155.63746718268055,17.42659544057088,60.40183496261344,8.158861931076757,50.00835267171709,mango,6111.788096695241
114.4899461799723,34.891591283494066,106.1705385903658,37.424605980392,77.02093284989755,6.97031811514783,184.11665794753887,cotton,5050.16328149768
79.10307900026226,101.4439422870127,179.66458317216154,30.270197389273683,79.45645218571158,4.5244584637092675,148.3129778887016,coffee,2055.98971896256
103.8396886118102,128.403109154503,60.580419449773565,14.78838535437212,89.66421779100673,7.708386001779348,106.43824254210006,rice,6454.088303435055
86.23796303642507,31.323462846158257,76.07691373714789,35.4327124569889,61.66348021535343,3.5334695266746414,231.55543128781008,watermelon,2211.8681296414343
1.5444259967452112,109.93636782564435,156.73527802220096,31.743258799929965,79.03876057866492,8.888610377578935,150.7486970402964,orange,5012.301280930683
53.952623626630654,95.07112518764981,161.0799552294549,15.602318419192368,25.852769327694244,7.743468828803151,20.522607619925157,kidneybeans,3070.235505843979
86.74250724437769,54.76902146179003,163.83946625541685,11.254672393809626,64.58539495756159,6.578226495271192,198.56649620165322,pomegranate,2389.12156689781
31.56142576491714,103.41208173701474,15.560792093705619,25.03091817853136,65.54573104701231,7.353732121935879,26.375321532515684,apple,3932.6480253751133
20.85996306089408,102.35819076592746,154.1850417627349,42.36892166561508,32.04641155765121,8.780836273063137,164.64244838338584,watermelon,4240.77557686504
60.762711264342535,17.40406015514641,49.12239054224225,28.93788529223086,77.26702782457033,9.889424072914878,279.40550611350903,orange,5855.391197211149
89.25745702583217,74.46329377585073,40.65049338092832,32.00689448674523,99.23687313663211,8.282205361549043,225.71621549860006,orange,7701.876517583551
25.82667543870951,55.71296183132037,71.90225774838643,8.916884798622268,16.08049169465655,8.822861079524952,95.91368517244184,pigeonpeas,5108.472597432892
109.56147157918731,12.8590544782694,175.54560397514226,15.893946547400642,46.41461816732799,6.455090007119246,153.69186820935337,grapes,4611.082395532141
98.84266107296344,93.36389043393889,14.968405556588312,39.63696655911311,92.20755651272208,8.493363605952656,21.954118660186126,pigeonpeas,2343.6815064657403
85.43152092686978,23.949571518875974,155.27501720580915,30.99343046934988,96.26885741317739,3.9413313046810954,35.8612124800487,watermelon,3693.1224481592008
34.57703187007998,131.87564127294513,54.90923996990122,17.518240414502085,79.30825056794488,6.378334991683456,235.92553483354038,mungbean,2392.196945386311
119.43254727651106,11.51008210160917,128.93988803988316,27.669749661338237,43.749158485145706,5.517212935023098,234.5764478784907,grapes,2518.5476645752788
3.05527554856853,97.93055606458248,197.67888684271009,27.605886421164467,94.5667317348459,3.834450427430552,136.42454270261686,muskmelon,3560.9467457723067
137.38159266961452,40.914208742194695,135.8349202948149,14.933417146590905,62.61840189315845,6.469167914805352,290.2174816375673,pigeonpeas,5651.163636178799
3.084922441650586,105.80112555283584,88.59798677409687,11.109408578064754,72.80285307962566,6.988675380868479,292.5836765163075,lentil,3364.456975168274
9.47357066600022,104.09691361216761,113.70764346852921,10.860387101137238,53.413855171464455,6.602056237632301,66.08532216539066,banana,7674.188882001694
30.25266344594305,18.658751433501962,177.39738168085447,24.10567925709539,78.43839929183677,5.359760382760673,238.77769750711124,apple,2671.615562129182
136.928654516294,116.15856029152086,104.45118606293764,19.89221150466598,89.00367020193298,6.987025658140901,230.84215496761288,pomegranate,6524.6460818969845
28.683378381099757,127.89621094128572,180.91637099030584,38.47024487661024,34.53647417881238,6.387931802758324,293.8271244071633,muskmelon,6632.074857859942
9.128642776468887,69.95039275372659,186.84404117231202,26.854562928344997,56.81187569094896,4.175031679722435,202.58486911335373,maize,6932.618963601353
13.077116076541383,66.75010215510972,44.12185460890301,14.53531535205645,22.087104981346904,5.782694234507295,230.57996397145803,papaya,3658.6501435003765
111.70798234622517,60.43586617274369,188.01801368140863,26.6560103536149,27.584114763839928,7.953754356280336,240.52665542183473,blackgram,3900.57006240516
50.83410312876146,130.60608773504663,38.77084133553723,25.746788635290436,65.43768612573555,3.71365505143284,121.106688682207,chickpea,6395.811408204997
21.2945996511182,66.64527857156887,128.0596050139604,10.921242974628415,89.88780768303113,8.643062626825825,160.44748305430542,apple,7802.759691555023
137.7754446651097,98.50879983250779,131.9342546507883,13.808421335352474,89.84578721419938,6.235934002691938,65.10088680752926,grapes,2075.645119854554
73.83594709717468,105.7095071316822,183.05161060356042,10.779230462506034,76.90869816927116,4.699436442224526,258.5732207776916,chickpea,6914.381083169937
15.504782344654135,111.34153741604845,202.6131133305548,39.54536037711271,70.04344100875264,5.509989087953485,90.70151076757205,papaya,6915.530629228767
46.92912663192218,29.326623039004133,147.40280406615616,36.90923744478286,22.654823153023866,5.035194321638047,59.468213153556306,mango,4087.6484694929995
26.77645850804214,90.92883863419786,92.10109087963187,28.203740576901456,77.47394460711247,8.659653638424262,254.55897674106936,muskmelon,3523.8492474321483
17.677063819030383,99.66485869056076,70.0208030863398,32.02145188401341,19.989138741966894,4.61924119792614,257.8949579758086,rice,3363.0773421410895
10.17392202540228,15.790921673204497,73.07601853333497,38.323527998796976,32.53556871605454,5.806418047554224,39.04450304230032,blackgram,6578.931747553336
91.44279067437962,136.36267458278758,179.2408964526104,34.812267178735596,81.80647151978368,7.75590338224637,92.35974640334884,jute,7443.170184234979
62.58777613289956,69.45015796826968,177.91272190453398,27.132687706572597,46.71444721145523,9.75152210246822,50.78032494471576,maize,4535.290569871668
103.58657690737024,133.53071730788108,61.007465910097885,38.04195868796923,39.130767819723204,9.328929034521057,229.60140919990593,blackgram,6829.440661048632
137.45181705648787,91.98822961549413,116.83696136586529,29.988333866214848,59.81012626149373,7.564570277822201,145.05613381637147,cotton,3310.659097299843
75.69778673028745,18.51482582736171,53.37876565176779,8.434141269706018,54.3140450299475,5.428097668864003,186.34338063477696,jute,3783.426846251703
104.04704782242447,11.739997036969482,185.57899903839746,37.82923560369135,71.43120275747097,7.296618048687259,268.06009448282333,watermelon,3111.981077172287
33.531423787335335,116.24095901802664,11.934053345296665,28.398239227922137,99.60762639245266,8.976455000560254,164.96190155411787,apple,2381.845455719854
30.831542192824116,73.37244805761142,152.51314981856535,26.383391513205606,16.8075282689275,9.058729640449847,37.98295639720658,cotton,7734.946902324514
72.44248924570577,65.25983744493863,68.38931755822387,23.21085863005491,80.55365039279344,7.352309958496843,268.1214746074472,blackgram,4660.280086275126
132.7351648240019,67.33445571987033,162.7604527810719,30.386194641218864,72.17266716110174,4.342838006221046,85.10327621470502,blackgram,6720.502010926622
91.31139633636614,138.0743473620685,125.13021330967118,34.02578706617959,57.53888111658744,7.55826580080852,39.71915608518901,chickpea,3526.349485051082
5.5672350983997365,89.57003478997069,186.4760329425694,16.359983114067468,54.389192622540975,6.382977930610037,151.48603421455184,orange,5735.118174378471
85.50920995060756,44.2956501722364,46.398515687685354,26.080041995609268,14.47349872779619,3.549049808955042,80.90112893031646,watermelon,2220.328175004927
47.44049090742522,117.36199514117381,119.40972867386017,25.943370408474575,39.24003879589846,9.463223804370024,130.37018146393928,rice,2522.556600774629
114.54893362475465,79.42392504462032,180.97253547223198,28.11728439925453,16.551467183567624,7.822689328301371,32.46929191055209,lentil,4703.582113898804
23.128551507299022,59.582129411816176,150.97206176969567,38.87904946331967,71.70109840785568,5.152308826823483,207.54098311070808,watermelon,3780.3658466245397
133.56463786190568,105.99508315488036,177.57610058248247,8.07363451115592,75.71120272691712,8.809360363937603,31.275329037421436,mungbean,7229.586363729383
16.028269329226717,58.73744362629713,96.2473017911084,20.91685576163208,24.4081500417266,6.181265857199843,228.82749729074024,papaya,2426.0459871995326
49.66798085703779,136.8415996266495,138.71452934458281,31.753448483539767,45.12511921205639,7.299429063734646,22.81646915971266,coconut,5816.576278457253
16.20326493501875,26.605019139631114,39.3696962654189,30.325698243227187,77.72438752361376,6.89194574672908,250.4669296476465,coffee,7947.579360401799
1.6389255023265692,64.08479641786946,64.00814153083124,25.010017282916106,63.63919025917137,3.779930062777263,54.19491604440129,maize,5351.854378702552
118.38461081858695,101.94899573369155,90.98621547802962,31.553831783805133,37.68278098596599,5.460406392180561,239.33787445798055,mothbeans,4678.517098409493
53.793546819233384,68.01727056547051,120.85327076410536,34.577285901341455,22.503131117094647,9.193773011312425,23.422097438469013,maize,4220.314008045531
98.78202077013545,101.37670258889916,79.91057740402427,13.840107059456349,51.02552310774985,4.4126025221242156,267.44697578109873,coffee,4075.2647644271447
47.567635801156506,77.41351344000647,80.78205561176287,8.234863660642098,47.18520724897997,8.567009659272617,185.68489812700795,cotton,2607.5594876909536
74.351948283934,122.84127064425465,121.04430375700588,27.589095569327895,23.052289926943065,4.571102292087219,290.2230213060523,pigeonpeas,3370.9204805286245
134.96243699647832,58.78893981801203,12.799202514982317,9.083452682177024,47.36686135543078,4.524159593364442,26.491882779235684,chickpea,6537.281683701061
68.2991676069369,23.206689551559418,172.09604727646553,20.963894519635726,46.23310682923449,6.533641142292198,143.46750426007895,muskmelon,7969.14783835593
137.761842849465,45.3767612946244,197.2270970815186,21.631866321584713,47.15402380737532,5.678477467228836,170.51131484262868,lentil,2924.8702590709227
74.51605436085666,28.567173828678232,54.38148533351712,37.34922252159899,44.631965652113095,8.791615832297083,217.10581535179483,orange,3063.025551631193
47.94271703685987,42.83467689830965,198.28347717328148,27.519808918751536,43.865825356623645,7.214992646359654,58.696682974103354,jute,4664.262495213217
114.34597021673393,34.023260446258114,161.47766589201746,33.71022730924946,39.84208716163718,5.5852679524124795,240.32094696569152,muskmelon,4768.673071323876
55.31928405700461,10.524334604725905,100.10920749736533,27.005860438518212,33.58647730487603,9.66978462185929,272.8283818405533,mungbean,6332.859412735435
64.1852994396961,10.317418860579487,154.1720077254024,27.226286779111092,18.965730460748944,7.856837714947107,149.76541747027025,grapes,2206.76755655
20.83143571671619,69.77458470915509,201.19747563253702,24.91926025906013,88.26508693625088,7.267881741640448,124.34171440164931,mothbeans,3714.701333155221
78.77963786312749,66.7713199117457,126.15106062781133,40.15571487122321,45.155055490478844,8.144585364607675,268.65781079713656,rice,4735.875654559622
84.29637794966914,87.79694631914833,166.3178684652554,24.676918432240242,99.66657366899194,3.880618040750597,20.880661905435083,coconut,5841.189869357742
125.03262872735809,13.744063106670001,181.69295259721213,23.691166937929776,57.89719405436397,7.5101920709965455,277.5343646709641,rice,2114.696566578584
96.2810859402785,106.17897407775199,143.5064863074216,12.705229529284265,39.74802059996459,5.7957793626688865,243.6335437349024,coffee,3672.5592344873185
138.67644458781868,33.091142436526574,203.92972831199958,11.14342539989709,14.199309119813993,3.7826363915381203,115.01550851681975,muskmelon,5797.437984070605
19.999040222117404,110.47990911597567,158.7845564215282,31.04891804845192,79.88597022042042,8.913897213937485,190.58194375801344,muskmelon,2531.628283818074
101.24092810504813,44.24682451081293,142.48127282724752,8.857445689367832,40.327811315645015,7.014434152173905,195.72097260273534,lentil,5462.243986771465
0.8524247535774698,19.131767996853007,178.78885045582902,31.861202543155642,23.712121270996974,8.889276399350909,87.3402785552296,maize,4869.55930517134
10.206256951506491,61.40225956856919,64.05809880958866,16.133451306961675,38.16638690614937,8.642289557100062,278.3253989096554,maize,4430.616167165399
45.00939817470348,71.70117808813083,50.205799563199946,30.416661476154538,98.19237590503357,7.362355814677624,119.47231538356658,coffee,5886.90467594317
26.297999355288376,105.77080346965604,178.38669367037673,23.888139683792495,84.64315128126302,7.049807027424611,197.11125270849158,coffee,5157.670762029216
99.95336855092258,120.15487121378754,165.79170151050405,27.33753385927612,58.7346107387246,4.414406152572235,235.5462298120717,papaya,3628.456282680286
123.47890376102902,120.32893261416312,149.34431054343585,17.504146659393484,48.61041081929553,4.15758881569551,72.55298787425382,watermelon,6698.0998239003975
38.663738094925925,103.97670824380026,17.537924324373172,37.37684723246008,14.328513348638147,5.079672762892175,225.97132761027586,papaya,3897.6208983758406
115.74005239034257,23.19018943499818,117.99687153505072,38.32917936121804,63.17558807021522,9.306078857987984,282.1495010748598,banana,4534.307133105835
52.824527554846995,139.97097830861514,22.857904905114587,32.0456743276135,56.46800747929586,5.980952354916141,195.89390229211105,mothbeans,6223.142549805987
19.476218844752253,40.592393724817384,180.10224531052324,14.398253282991515,37.94578910953737,4.329444167650829,207.9580883332063,pomegranate,7663.8938321792575
14.751089115119907,114.45534086829099,133.8298442951832,9.686510433765369,44.96434006748414,9.62351881909943,159.11151850743593,lentil,4596.374816118228
15.536853441920734,93.81938034012171,159.15612365277596,8.10084380829651,87.87027494617413,4.69054720003626,173.47528337363906,muskmelon,4494.7850041247
29.67916765781213,97.029487503818,99.45636083259635,38.80548582725198,32.553698409175055,7.838004481984283,188.95508998625687,maize,3771.808865430997
91.22956646681872,108.40364413852629,68.12546875267,30.56914114078098,47.98125805458928,8.064524053008753,75.38184642054676,blackgram,7341.290015817046
51.4900382858614,13.13287329124897,27.30244246425528,26.055166594931485,37.012970198605544,8.847073444750045,24.084762046077167,banana,4274.564292031617
2.705868328464145,22.41157586007143,87.72853498372706,25.250260455660634,48.76891826391874,6.898001141837401,185.44660562377948,maize,2059.542926767014
122.8705827511094,10.83195457357554,84.52951591840723,34.68081612076786,53.12302449765249,5.21041683067901,81.10588697284683,banana,2789.1096014982677
17.577030066771474,7.372673084541339,159.0316423514192,36.25044380777089,24.337821704369556,5.1997301309350785,24.879557015922835,mango,3759.851664683388
103.46371809031422,36.25687397072748,133.3719917710711,27.97273683583272,62.85595606105659,7.743247015307366,172.4502060623918,rice,7275.530689078308
3.3032950503740777,130.7984846544775,161.6396826597252,35.313164324984314,53.387635274307144,6.047233874908818,104.21057261562756,coconut,2394.1691537261945
131.2329813430049,89.46085280009203,99.68017629898252,10.090077113981126,71.76123621295856,7.22613606251668,295.27807241735877,lentil,3434.952666693458
76.22752659203681,139.78756903544885,20.121008123350155,20.798826189147995,33.38278904858186,4.7533317384593285,59.143219792163954,cotton,5734.48184939598
44.12058547855746,43.67322549652143,201.33066477048956,26.45428133203398,91.95220289664157,4.548838552195086,198.70365831444846,pomegranate,6859.161124163517
128.44801803847864,45.67063079399885,98.99765363158733,39.15493980886051,74.86403612300737,3.898100647454098,60.950246309553755,muskmelon,2047.0495446315008
32.23512889947205,11.238935282815081,88.12843733718114,18.567084502712564,79.45359431805329,5.767313694982699,283.8417925755266,cotton,7773.861217926706
38.458534106704874,117.97516872375911,96.93297408053225,27.13019997113032,51.22217619001436,3.780959632915233,66.07843879000335,mothbeans,4673.249832451345
125.67445417491393,99.40885706328565,32.39981261073427,42.82434792637825,59.34200882483648,6.007893097018105,203.23362652252837,mango,2653.3598838862345
133.2001734506565,144.27470115523315,147.34456114920974,42.34003061271377,62.980421042770914,5.161067412326978,141.4848562150426,kidneybeans,5561.365612272715
87.12805704641445,142.36489714672123,43.021529956745525,35.74082907009341,92.07929626504726,9.539690194049413,286.9176980247143,mothbeans,5128.757832328832
135.38737539964487,59.99112861330807,175.8443812681736,35.058116459411316,40.659994596773885,4.985054904967078,147.3892328092078,maize,6688.093043686437
79.11194374338588,113.02776753700508,104.77913290718838,8.42360908716376,14.777308340819127,5.784987801408079,277.48195102403537,cotton,3372.0606776216528
6.447942786593892,118.1310995298162,40.57762480980469,26.013926599250365,83.51168780181064,5.124454900202847,88.33446812711054,banana,4416.586390773511
92.74076163814954,21.590367303741218,62.776987781833135,21.924281892575493,93.07966812042028,9.85683209870697,32.48534112078121,mango,6566.047540972352
88.96211039233316,17.701038312890347,11.523589668313301,10.01960249455646,52.21542003477024,5.263506811004694,192.92699833913628,orange,7954.653736248673
80.33777557463188,63.18454542702697,174.45433354437188,39.57827412117833,89.45258264965236,9.735982327547248,27.650333469035452,cotton,7038.896972873186
5.450194865593443,10.042634560799694,40.044354421165465,38.336962407710004,38.29317198202429,9.582938691681893,181.6909974509958,lentil,4619.685138612596
59.85025638593564,50.68738033047821,172.93193114175807,13.03350226101848,50.988847381562806,9.28404845936091,255.146175027871,coconut,4405.650574838281
109.25117042096343,71.68700266215383,104.50797042922044,15.163803817004938,64.83720608023242,4.691269745621427,112.17498634067987,watermelon,7130.181209719611
9.962159924280593,14.661062965794283,193.15690410062157,25.742215328664212,49.209438176263575,8.689622918450677,252.35960795912345,watermelon,3993.1461986936274
108.34687104789312,54.364364830040145,169.95757125555735,26.04807920497587,53.84325418146052,3.7905810013996324,100.62811583439584,maize,7586.059825311799
107.17654507222052,5.001628865751259,88.31316569645844,26.287856337995596,18.698560120083616,9.72770024302293,82.86284208740881,jute,3825.1923178176853
32.25833269642899,5.206335092083599,150.86895881759926,41.83959249297499,33.28923956251387,7.743502027541903,226.2471788945228,cotton,7090.552274543148
125.44571195201067,119.52374487941702,55.562721217840114,17.50035021719701,24.780656918145162,5.656574244591722,297.8732094039082,papaya,4434.507011690366
105.59475635549131,60.04732814390912,123.12756679892755,31.13549889865621,20.74720020327266,6.9847805382647365,217.19119031538546,apple,3003.9278240063622
37.63854394339807,92.98076663865984,101.37349585492332,20.65985892008532,95.63194191086406,7.545820794793328,56.12370149048766,lentil,5360.550184660373
71.93962498894749,76.24467778274783,78.85615404310822,40.65237018993852,85.16554350909702,7.962140044221676,218.58280473432933,orange,4770.296862878715
17.08426920505881,22.517535999844572,175.09432295216754,20.061142955664586,16.653779770494232,3.83212991691783,59.523384183682964,rice,3280.3600878541374
136.99356557447967,124.91521132470976,145.23397231805194,33.446986656538655,62.33826031862111,9.561380269494522,157.9599333012965,cotton,4283.106259219367
70.9341708575844,59.21321796493343,186.31444213443254,8.562165274335214,81.26672862584716,4.296050119944476,241.71816622934145,muskmelon,5695.471494060327
61.272585940748485,37.896276699433386,145.97420200867634,36.599484970545475,60.99300718269487,9.689025761639336,34.36390462091319,maize,5028.773589827169
120.76966596088505,30.095785667090606,165.00069635273627,27.344747650149085,48.10361665113684,4.342976182906199,260.55222097667763,apple,2943.639249078292
87.50408605192881,49.3169531375018,168.28215699300614,25.553041151790683,20.096675526650543,5.502324229472832,280.0125933956011,kidneybeans,7104.081563629077
87.91907356457374,39.65141023965767,37.563009935372754,14.542005421296157,15.702426617863877,6.0003655103100115,73.21689517887282,coconut,4469.9327627402145
46.76699519362769,107.57786708263926,85.90547711477394,10.39236201084855,81.40334645363322,5.328853277393319,140.30919252859502,mothbeans,6112.663299331409
10.095553010120925,33.75619718692411,81.2882082826623,42.37173379555869,81.4981167744637,8.194315177549466,52.30108591407398,pigeonpeas,6685.975361689949
84.15437738740596,143.65064947977206,70.05078118491039,40.94453568846481,92.6668758862593,3.5734762223960184,145.13239435999748,coffee,7862.62539830944
135.8947163573642,20.862490661844987,85.72020047231825,33.82597446921122,74.59168081036029,6.205463276121167,116.33371869085566,maize,4385.674271317223
28.74661141895197,72.6255576582446,58.706751213521464,18.061158271403755,70.48102145881191,9.698638922879312,187.81114175550627,chickpea,2461.876802389798
133.19925091837922,46.62071064302671,23.413397216495085,28.966560550263356,67.63379493296289,7.650430848759604,94.33776374439648,muskmelon,2090.6641052868504
52.25637402478625,83.91239594402671,95.13729498778262,31.52196135632887,64.18589918993439,6.864839805178463,89.36777398103312,chickpea,2012.1111064894035
132.54272204927537,19.82681261652607,35.965722519543974,41.065769057407785,77.34202963679216,9.151160478910548,76.33187228962541,kidneybeans,5525.515226656411
52.29767214667547,12.068452217737109,130.49731435685587,21.49647295029768,94.51897398953685,6.968736479294503,281.22312013959527,maize,3322.9021608398243
117.57222493301974,31.395684804895158,139.49209960500576,42.19524340536302,22.762806675072564,3.553247630254029,140.5360163518668,lentil,2555.752898308203
128.03681293879825,65.76293617922624,56.74232843108819,23.20411616523134,76.21651233510008,3.557946634114374,183.8682090767458,jute,5679.7501093242745
33.88309119732281,104.96738127293774,23.27829726635528,14.974461776338028,89.46242401228544,8.227828164650024,23.82126401515398,lentil,3490.2575622188015
37.91288592517616,39.658367839184095,17.50525914856915,24.06291808088871,77.0150788316102,7.383083038191593,207.05832387026618,watermelon,2486.895071217435
46.62488205275577,128.8950031452823,81.65684792844027,25.272534725404288,38.364209568544034,8.535324821485617,130.49058761794748,apple,5081.666279265947
40.809403729321204,112.90395432677724,90.49913007135184,15.217609177944896,82.77581370097806,5.635083449785876,260.5237505765915,watermelon,7491.543109506938
93.304826653757,115.2341837453266,95.86908461353103,30.058652680965526,35.360990351915845,8.014949313814313,138.87317076952777,pigeonpeas,4655.2730888884735
131.07928700564972,13.96088852520693,169.94864746940152,18.233408864426757,52.17707308754849,3.6402453041600573,103.69080963793903,banana,5015.787455780783
68.75340211364312,134.79548804017983,26.078643621561042,34.75542548264265,49.23171059033537,7.693111772955763,92.34577423989376,banana,2956.9535752481497
72.29941435060555,115.11313353471859,193.50626150402334,34.13718238368013,75.96863718341893,8.78952377725288,144.04393943175714,apple,6835.067195706998
43.372962545145654,39.99397249566697,108.00113194194462,26.74438352078854,44.69219386471548,5.764250615913191,250.3384562178906,rice,6735.757089918114
127.9303821422563,138.39410238035086,70.34850840600816,20.40487320775692,57.48453719428846,9.52317320021551,263.6168024135626,watermelon,2615.4077755015387
10.869708638429378,121.04197867541421,74.77801500836472,26.255978860397537,82.3257644937702,9.160009900947017,115.84923478019587,lentil,4771.060887650662
41.43200444021193,69.28649272255865,87.21872177608796,33.267522963048776,47.093111081014875,6.63200927341229,139.43118861279703,coffee,6443.756893366223
100.62354649949424,107.53614686817308,107.98666998265189,13.64769803693843,21.185673025919318,3.6224253851986368,66.07799319633136,jute,7345.1332098988805
17.00935475228716,93.84949590823327,121.4287615155597,12.144526371157616,32.22291241784938,5.490415966289154,66.40683768726541,watermelon,3462.3768951460506
46.99433662546835,109.91466339216227,119.38244077012014,42.518633518299055,49.66728111920251,8.32473647255632,262.2682211426764,coconut,6073.870958228252
98.30045346545612,29.03714707876294,105.0225504153254,22.418533326193568,88.86531909916704,7.541081095797609,168.03613046364293,blackgram,2692.367853073504
69.39852503246475,135.63781281716317,92.8191130501657,42.31524495946301,58.056489122939716,4.231428927987069,232.61467034367908,orange,6073.386350467043
133.20188402159536,113.70850237114254,127.26732044332937,38.005811582629434,71.89919378448971,6.111961963685908,266.20229445921296,orange,3331.402764706237
1.3970287321829122,106.28211272968768,112.13131986951572,37.26411961225371,84.63939920945971,8.897287473842454,154.85631547431217,apple,4001.770375021194
74.42083554849904,76.47865135730733,169.11975153531733,22.159902974140607,55.653620661069745,3.585553172860132,133.90750773113706,lentil,5886.645397702052
126.24836399647201,33.48618394966341,18.394722405054303,38.707265859649354,47.48882475218328,6.967270171312405,289.122295750111,papaya,2399.3883674853373
10.374759160481391,57.56564998531005,165.76290903868934,23.171528146447205,99.75768243565373,7.077979423658254,109.28307843279507,orange,3320.667955428519
102.09286400791002,90.17725102320249,146.32685269351927,21.106813998880593,45.775446326698706,3.7900433853497253,117.28469318923986,coffee,7575.730413572357
116.3914788710758,122.92557066499077,79.64823127584677,30.11960381386662,22.201957795483043,4.163542916699369,33.5268304979563,banana,5486.090560250657
81.71990228239095,114.47439680211428,155.3493984791681,36.105072518524295,58.548693710797735,4.398076916438496,206.58177759955345,lentil,5722.842710311824
92.74775257182515,53.57477236283818,83.15103046592742,13.553760579138972,36.20786769128976,7.374635248048559,140.41934494561627,mungbean,6645.816097667571
81.03294563167168,93.53478540597423,36.29534320072011,24.587242704063595,75.61015162839651,5.234033269224739,76.22666218582071,pomegranate,3882.9608493464934
83.96798409586971,125.6119190117651,178.72792796468514,33.35205422153389,78.13479060054684,7.070735648964485,182.53772906609927,blackgram,2801.9034884631083
115.0563325219503,97.33150760970783,164.2482901082737,17.518111379645706,73.542867331651,5.1899967020398,281.0610372871811,coconut,5818.2456892002465
74.021418673781,120.62847902424426,97.6229427675023,17.746014123075057,70.30498048064172,8.772111333114388,37.553001433814785,rice,6660.7429004433625
108.92353404025144,111.51918633030944,42.544481138450415,11.093473144458155,74.10959924991516,5.857422168283849,140.19225094013055,muskmelon,2186.8945567603464
4.714696542424964,128.08600816417467,53.679336643706094,27.50680093505528,17.352221576857215,7.767823304356212,109.80160211963809,coffee,7387.515121745995
103.07204355399702,66.09874382214302,138.35438195677943,11.301459920186527,78.3284073279407,8.701367167315597,216.50092390699044,blackgram,7803.5815251581935
126.43312190271536,135.69995168407073,165.2695983747617,31.59905947022747,14.491797997027879,6.481284820627998,178.78311901701636,cotton,3824.1816346879978
18.21129377605257,8.139624482687717,77.08536542829722,35.43083878763328,62.69153944535609,5.501779130946266,201.90707752697608,grapes,3392.1090818528646
2.400969468127736,133.32446222993755,146.23170042381082,18.813459652385344,25.40743367368197,6.774468594528494,21.486232717513317,mothbeans,7630.482463148865
121.02065456157098,87.17111091824698,121.19007597763587,42.6737704973018,79.07879436789685,6.330680354887265,216.6563660091539,pigeonpeas,4335.382830150731
79.72782778411553,126.57751031179349,80.8255316751294,21.002008028080198,67.19332704976395,7.5516649823968836,150.46129319656973,cotton,4658.356173982526
90.93125015904263,117.61796835484627,148.02003225674,28.76053766638139,18.587927741045203,6.410491792337031,207.59059200254012,papaya,6065.189683302107
15.40885978815613,134.50660454802204,131.32870301657834,9.903676198280891,69.4060782339698,9.73518498652644,39.404581982866844,papaya,5328.126258680518
89.03164575573952,88.90229625952128,40.871202057848194,32.679870094969715,53.14479128909445,7.773667786260179,252.78804817610188,rice,3018.370571461539
95.9553480824408,8.495271096808004,39.286835342108546,23.875264997299194,53.11903008104667,7.888483474775321,273.03922369323635,cotton,5834.192953489524
21.516745998188636,85.16501260348313,60.40250486519576,40.245762927454145,64.1544091678304,7.294177155251905,118.66905572380878,grapes,2311.936111866245
9.313865149519733,37.31125154971445,188.13444645232997,29.571007228151373,35.180597617705715,7.920350535347242,185.9038447493497,blackgram,5009.454199507691
95.68352883705124,57.56175535350777,165.0146864153736,38.960415252241575,24.768968118447503,4.783539058209706,80.11110853752277,muskmelon,6147.270856319242
131.70826195653012,113.62761459302284,30.587384902356636,20.162747884881334,51.443853571113266,6.0341541679846715,206.0677933470024,blackgram,7351.3586195393755
77.26279909896598,115.517319067902,88.24361176906987,13.884134493975354,54.84578301268235,3.853424132755382,281.982600212633,coconut,2448.9272311698383
20.61857889729273,141.23075170772177,156.85850138369472,41.87165128443467,51.817681839680134,5.281558282641003,241.9255088241539,muskmelon,3957.5235082468807
30.758950654796056,7.872914062105529,170.32366910049774,20.795849535138835,44.41791504594312,5.43586578667473,291.153771046705,blackgram,3020.6925038556888
20.569069301727907,52.97032051315301,177.93178437162803,13.422385890020493,21.11536786316433,6.601043168512069,104.07262413543312,kidneybeans,5380.450186903125
66.98945627583467,114.27784376420993,65.72478762876804,18.90914399802645,14.270117920138501,4.615157770530429,263.3627637838699,pigeonpeas,4650.478949826243
115.13336956594961,12.97702177963156,88.72145498366599,24.04509984460033,76.3505225617242,7.17544048057735,205.48502973998234,pomegranate,6662.2957139105365
27.89443361716397,11.294601822817159,30.27129626290212,27.689432044556657,79.80378827824191,9.51868292672478,24.398841815116185,muskmelon,5136.560849371219
103.82980325704591,73.95966990546167,101.6361726627337,37.33806473786302,45.08072499977803,9.002685918794533,133.09173466457915,grapes,3969.3986340700367
58.26035146968494,76.9391028407237,185.6596028751421,39.14593042657203,84.33564228633254,6.76494963492047,224.6746672172056,kidneybeans,5077.382333112856
90.2643348007546,37.17574161166658,115.53245355534965,21.0260639336414,70.90338432811026,4.403830677588156,178.70392188137438,watermelon,3111.622132299942
30.619372045301652,30.597289181634395,170.1421903121334,17.999764868131162,93.73264524034265,9.707529762209223,178.81041064251306,chickpea,2858.0067359943587
35.39178216220822,136.4452944057785,183.79704100939216,19.811811398621437,76.73388420552308,7.168628444477386,113.86650595578722,watermelon,7931.12988797268
35.37044428698013,77.81036855556106,109.39060069571278,28.612657623094744,78.64415079397105,7.490258115323497,186.87824602679427,lentil,2321.0867774782596
105.03720695143791,26.28679943942885,96.66471891751509,20.29267855720733,22.064781258103416,6.611235105375514,275.96562279525267,cotton,2240.354714304167
85.39181820344724,134.433145622466,162.16252909367464,28.648175898063307,14.553428188724432,8.444104230908186,215.29175896159433,watermelon,5691.521919694484
60.19792997694836,88.56749667653186,204.91154065008772,34.93071129287165,48.21645045949874,8.796339534553901,67.45692500086949,coffee,2182.7821178537606
6.363350061011435,95.52406215281266,50.348236881388914,31.451138823264838,54.27639599030796,8.45073754793528,54.3054266271558,jute,5757.93410993717
119.4174793462828,134.97369078908304,204.2796587358111,35.86025908495492,78.82113005680839,4.8792048567523265,113.40996239925023,rice,4794.095250573677
15.623019994014646,90.16473000108803,61.20995003337783,14.072361762425771,46.6586309710613,8.629252967826904,129.0020143794712,grapes,6504.617895266334
91.21219566604493,34.50940290965635,116.29124116509128,37.97726909669008,85.81567130913172,9.435073155752303,121.71625505681276,banana,3908.2974353055124
115.76019853618544,78.46298927260051,160.04881036698984,16.204896000403014,43.6772021141381,3.692664782152441,287.2948662316032,grapes,6007.20744020488
89.19325811542195,88.6209388494857,135.67669969573612,14.730846361176962,39.42629057867373,7.465541932447502,186.69646403185814,coconut,5037.981856125607
38.84505516149356,44.426245894788444,197.6720640892076,8.35995735774922,75.58029769882442,8.01997544035368,193.1076923840437,coffee,7940.653076521195
19.91573356875416,48.84284825616879,174.90684309758026,11.114640019972132,99.28586231003085,6.96241855313704,293.7871168228521,chickpea,7633.9785325158655
130.00827869615517,13.653184496491168,23.472105622275702,13.697684622218027,65.18830373491123,4.463022534438384,289.1252340433039,papaya,4680.287163551122
26.515078503878453,5.703717365372436,17.01928207563403,39.66682195880413,69.68641597652922,5.247459963697963,69.25951528111113,maize,3765.600419822686
105.98673605780756,12.784773035264488,6.375592443929863,15.435654701841553,71.06302907655689,6.131663928848294,131.86894008520866,chickpea,7307.521329377682
106.04502236310047,46.31012889700331,64.77142705180616,11.747001249396511,51.84499199980829,8.170156201583502,281.38138394881724,cotton,5622.781951574576
116.33288394770958,21.784753086179695,151.98516947897883,26.600921996625686,38.76329947013535,6.654045341010077,103.3838953980123,cotton,5576.491731429836
88.51334112150053,86.70470518113396,83.02404693766785,20.42960767138344,17.891430255624357,4.894615732812886,24.219173275737877,watermelon,5488.502633492123
114.93734242187972,84.32473624676481,136.40609964682147,39.443526330441216,48.358615474476395,5.591486117489776,23.00548125058458,jute,6959.306445148785
13.823208963573219,15.592554546575519,77.30827975080771,11.225878546535132,64.31674602973347,4.948161605226239,269.0040337694255,pigeonpeas,6701.00048507154
4.542082446606175,97.22046942178311,111.4583751902909,11.614275310626695,28.83705341738714,7.135035502822916,102.38741655669416,blackgram,7629.894371907896
59.296708238865484,116.09989163543223,11.35569687146489,35.37177692423154,34.64608368193072,4.4235788846182595,52.164966454124,coffee,2163.5000717048906
64.1100592207639,36.713027645054794,127.79406126504652,16.85003413875389,63.676330873620344,5.798935980689219,248.94751899808568,rice,6924.176964600676
125.42378536697234,116.15011402039507,36.66078002112287,9.812506105648591,61.92870947703053,4.498629192575852,252.01628482148564,mothbeans,4150.007940030042
117.727219456407,35.97341750244895,81.19825473367999,36.29420086127918,84.83163052441172,5.961510886264117,147.6364784736973,grapes,3819.7153450956976
2.3458826289335377,100.0878811681637,20.313651686707797,22.726642061807404,65.74466610557346,9.497497247485933,106.68099407370369,chickpea,3498.632974679119
135.96112703156,83.70643354903352,147.95065528878916,10.395765839810586,49.91936164026155,4.244694305052773,190.3572422791499,papaya,7630.892949284927
97.06692152285893,95.75302563349358,51.29601918259765,31.847355463447208,94.8557544476791,3.7994294078193187,108.86327137119338,mango,4629.060299998131
35.74709232685418,19.822404549838105,75.9795366973108,22.461038102270184,72.12077155895034,7.71222287550447,39.49006282026943,mungbean,4371.555892586946
77.8859210159911,9.08172604309246,186.44978887128116,13.469929834242167,32.927626210939245,6.816967529264937,217.41190504176365,kidneybeans,2574.3743284663838
70.3398202032927,107.40809035843621,196.62360178388676,15.715610148589663,90.21163240312369,9.479546330671937,274.76491137991445,blackgram,5812.486141171459
56.44948864573519,110.33570352253031,111.25880367018638,31.710332492990307,50.84737973099641,8.181577369876091,249.20308189406464,apple,2878.6175396168965
1.1282744678967704,137.0444752145799,52.428893195542244,11.76649646659506,80.05902334075587,6.7030548215469965,140.58821735300887,pigeonpeas,3497.0184780964505
43.185559408527766,85.2259080866622,70.04223925524227,9.37442949845783,37.39188005961462,3.54082587780218,291.9826308018061,lentil,7794.483258918485
32.745570406108484,34.52407187531034,176.43833141191774,36.714938709065706,51.88932340905843,4.3473895263773095,126.26612604973343,kidneybeans,5716.060724821468
138.64652253111078,8.607743827009159,125.7057613002242,31.08270935779645,73.17191790837508,4.27048050425017,280.9112798055303,grapes,3087.099674300497
124.19670441131778,63.778817676084465,104.37910370000978,40.092971687032055,80.76098106637151,4.335208090349979,177.18675099495238,coconut,4653.513659117354
125.7150505586904,16.777872716313595,83.62078151188021,11.508594730300683,15.426953334403418,7.734999568921323,187.4809448667114,pomegranate,2978.114682889317
32.89919885485682,121.22113761970854,194.65030755801587,18.661082452096664,36.74835914304009,5.291312974377132,97.20590628353459,chickpea,2215.581093115838
7.087146117670377,10.514856716994716,119.78997321380209,21.751328811261267,16.464108771678287,7.232815310800364,23.14210517174825,papaya,6724.231748895638
34.70227022197931,102.68028305746101,77.82255500209989,27.81752555134158,14.53814250827644,3.8960684907550416,168.83228764849903,muskmelon,5396.42987868899
126.59406079705911,57.4610758710327,114.97371255524104,9.77005863384801,50.64642646389185,8.82712665383037,243.97036789100906,blackgram,3345.911353121158
114.42274370985315,135.25577882370558,24.07218425460071,23.752052379917885,43.02106799092369,9.072406114927613,43.21992628104522,kidneybeans,3266.7556553482245
92.79147838936103,126.88874340768868,156.8173865111277,33.46352305787832,55.657641961673036,7.940355564591435,173.66793831333612,pomegranate,3297.5031691191734
112.76052610199808,111.42253017062227,35.77998093875473,13.223731440951587,37.062995626062545,5.810878248582638,133.55065163155817,jute,6078.183301000072
115.82991767566038,86.87740843644349,72.50649317676378,36.09979231484411,35.200711884866536,9.746609271041304,115.8592949534352,pigeonpeas,4023.865724907366
41.620208599385705,37.19912555485367,87.26079441324626,16.418605481305207,71.82501052308652,8.786813981109027,207.11961239331833,muskmelon,6946.102683496097
6.341250105830842,96.89402031386741,112.03046673607007,10.87082898240148,17.004775190915005,9.83444104581974,28.34593033744198,papaya,4667.169518300958
16.419220692062307,28.668648981560278,75.3610012820705,34.65865566747819,57.609088469182936,7.582571997138954,293.8785263152076,mungbean,6608.032611879258
62.50186905151682,91.6280907857407,138.07304168378087,25.524882404283495,69.45806516208827,3.650607964250232,139.43515616332266,cotton,3673.6284564408606
77.86669696820162,114.13233819936889,8.240079467893441,36.643314867283735,17.45194188134152,9.19544560872232,295.7656437323428,banana,3764.404773060667
107.1508709401257,40.42368772883545,178.1124766344407,11.599490725511686,24.832146888624813,9.766569952643941,207.3272137190613,jute,7081.323346573717
21.24855737915429,129.54072656626892,193.78565669529158,34.80401637322184,14.46482343584961,3.5086161341220077,125.11201400091132,mango,2860.372220065355
96.92960286161798,37.66659517090573,130.0660339908908,34.147739349516016,32.80939444596237,3.883637125512373,56.4107005523804,pomegranate,5635.981803626153
98.1936599783566,20.881714394548343,204.38184371787108,14.420834040258026,65.09620019705534,6.132797257040572,55.135425428775456,cotton,2167.0634454644805
11.42382080067737,41.202822758869765,10.57044816421488,30.098136411688785,50.67025868493954,7.008129297459341,68.55191767917961,pomegranate,3775.5921766196966
55.70378457798323,117.83704612146173,123.40336855781257,13.806535852977518,16.122837521314278,5.821623042554574,171.98157926638248,watermelon,7038.92211322093
112.02888867570108,125.82126644941177,35.13749740016676,37.805801175647666,99.26500683448012,8.151768518708721,238.16597154734666,watermelon,7966.491605353241
117.25431677064779,91.02800885162837,121.23908474419132,16.87724444299134,79.04474718412825,4.022670565504616,276.9518056809158,rice,3954.9407646229083
83.08459357866134,7.274082049323518,150.7556108901295,19.323564436992203,71.19481505457028,7.062101942413781,115.2791972689582,coconut,2807.4576026246464
129.39559844443622,69.49377617668848,104.79422338275319,19.139171448500406,90.9068001700516,7.627378593871078,100.13393845252844,mango,3792.6972263255097
0.004300638353538222,104.6991864232847,76.31923519724113,16.906846606639107,15.109182401899188,6.957916203273598,256.6199044484229,banana,7745.789877635528
125.83030456322868,82.435675948172,167.45162419806837,21.441492343688516,71.29903608719731,9.828547400890653,82.75230722727743,chickpea,4339.398477746483
44.088582242445405,18.53027680028532,40.37939016479679,42.556765550284105,52.192905893969204,6.903979305632106,262.8659509889459,rice,7973.413402944127
64.93399496187519,49.80382431873487,100.29225424787991,19.140643314232157,56.05707667645532,9.001160940274797,184.6597811552626,watermelon,6167.9226368610525
88.5354759051712,22.965620706427032,120.69850164586602,32.26977448197081,74.25258868992285,8.32222150822142,262.6549191952547,rice,4999.753951788731
12.950061311454931,114.2487007836222,139.7403467084313,34.86245907067469,40.447562412179245,6.6491487320473635,241.42936848319093,mothbeans,3395.24798972513
17.576970585786793,139.88719264640585,26.60891187528142,24.74718745375162,64.35848067622396,6.964796293807606,43.91693965515821,blackgram,2342.161484021716
136.56622396396307,71.3830014780781,18.33877628108977,9.68323086442124,39.427193377359245,9.468285371855686,165.45322928190322,mungbean,3630.719096480775
35.32366978975619,48.087926741040874,127.72758059787677,39.42773527053079,83.65350014604934,7.2320334022373345,223.0016375365153,mothbeans,4188.934821246792
127.08296064485178,144.51919188045753,145.08635983130077,34.96565273758964,43.00804393620383,9.526091857497176,167.2604825781262,banana,6394.33067958533
7.963395688870518,112.3138242710278,145.42149082275853,19.597327655771096,72.10700958980829,6.033998247654079,230.23855401543673,apple,4725.1019764202365
51.80343337999423,82.06604879441167,163.0029683119764,19.12938929691172,63.85688028754052,5.7119999588889705,246.78389448855978,banana,4800.368562607702
70.83043160473818,27.66922092850992,136.6204436112984,42.92122861535702,52.849594934404166,5.770262763073362,131.39575837998171,rice,2690.877070371207
0.026113943892835945,90.95712387827513,128.285635474374,24.010506955446086,48.137525672349184,6.414452067075889,135.35900123015116,coconut,6382.954864893796
133.6392300402335,26.20052401179486,100.48323789607073,29.063235688090653,64.02935167822206,6.069355386169876,113.98746580382067,orange,2760.9441353025127
94.58698334375406,10.332082083904698,128.99371297483282,32.43694507367749,32.48282169925785,3.7685700700392593,121.09340977960699,jute,2591.565381451619
48.367319521282404,117.42166341368487,113.05577863748421,10.77480996209171,62.66314818693921,9.31131869069864,130.1749098885053,blackgram,3777.9548113988003
78.16932410897591,126.79129660567646,79.30930226397487,29.504000260096333,59.03505378069652,5.54239033485096,150.63647342533952,apple,5014.945260961593
66.75744288263742,93.21303776063287,170.73058122365785,35.42143460172437,37.82795547535237,9.521633085178909,54.56814391778196,coffee,7250.801711726913
55.17904654956794,89.46678746968487,165.336858638261,24.43315328709718,50.348418905850416,9.872082135006774,22.917232236904553,grapes,7370.3917331074745
113.3545050772245,138.07459493361725,9.413229736458169,42.38824452896135,21.40736395947651,8.712075387320073,97.93306120929267,pomegranate,2793.0779465232304
85.45284934456586,8.375427077213356,28.291786096342506,12.448368407645374,30.278393548776812,6.439721221123474,229.09177847311278,muskmelon,7433.233027573407
6.770779546829322,119.86826182723847,170.26816219003734,28.580016220036995,44.3668484487015,8.618613532453015,174.20299289116608,mango,6955.593851300097
65.25628097218845,67.3541136369021,7.91343095025578,16.6589911470421,88.5011494944676,4.55362194085548,135.40473319065245,mothbeans,2085.9854352020075
80.02507092761213,30.877375712583493,16.917419470628744,29.152576190016987,79.67753516412756,6.849768773900853,83.04278983886151,orange,5999.13186015821
87.54619435859262,6.727746448452361,33.592175520150434,33.980273835959196,34.99789834958916,7.327258350903998,127.05852358480224,muskmelon,7128.834672795569
123.69906197182665,42.88679925710353,43.832573809216456,24.605221276725725,14.630736971911503,3.665180114324363,173.81479781519403,coconut,5122.696424991716
122.92469179822398,83.10231459241024,196.95820408097003,9.704319693997542,22.428660891143732,3.7820215140504407,71.50696439272413,chickpea,5247.620665650069
63.167046803101314,51.25480631318631,122.8429228695711,23.899743887643787,52.83464044807946,9.49633832787929,293.56076096959816,pigeonpeas,6778.906335977485
72.59863641320275,39.41864194907604,76.6279433058289,42.632686668451285,72.85102540757964,9.573476269100809,59.630722299206134,watermelon,4292.8368489954155
40.026074727968336,99.13457379181862,38.97451888089527,9.939556095478554,42.47859806811688,8.402218079073148,135.00267275790236,watermelon,5917.837531447636
3.1105874835812575,143.39559818639893,13.28561776387755,41.87309581769698,61.288319339338244,9.664217773216425,51.901500637046254,rice,4942.451115113079
13.575193935159465,30.06442924182173,164.50280905929716,31.714103181432154,61.03588333475101,6.540575186347316,276.4367308564026,pigeonpeas,2436.4096866720106
87.8843580856271,95.64411170437644,173.75100879745872,19.372297804232446,73.10741838209651,9.65434116509546,223.00764695148732,papaya,4939.222860306467
57.35420170095268,141.95089359371818,41.178380275779666,35.97052898866737,42.74057341888745,8.177570212967428,136.76305919419428,rice,5470.15857869924
73.06380594211204,14.516261974716517,41.24511220994191,41.50189372317321,90.5518725964346,7.674560709753922,147.78119807323498,coconut,6054.567757371343
8.284790060895855,93.59236549261097,158.78400891423368,42.792857912595146,14.952755523110632,8.173110101188332,178.95742983020259,coffee,4604.31305648574
138.8145886158341,34.164154601192514,76.08786747281235,31.422666047370335,55.607018428015664,6.177693013621335,119.47152731529486,jute,5562.683791660713
22.60409676899361,71.04357725258147,115.69435524196997,27.960042855598665,32.069218590462256,8.250536910414635,27.005348360257358,muskmelon,4128.991133258976
6.064138255603673,102.90752527537003,71.11220046125817,34.06578547402235,49.46666320023649,4.752835880995997,162.66267287440598,papaya,2783.027357824639
18.64549759345328,41.58662250395373,88.81989458341705,28.975475045223604,58.17887554851622,5.344380966140989,21.797091465539534,orange,4977.435331404884
12.78323235625383,49.616544558673304,25.935194107106668,12.500877008619337,63.351151425852294,3.889772371836757,28.59878502741136,mothbeans,6286.484608822987
57.03117338979653,77.99278300632378,184.31493169380204,14.870300580887346,15.940548006659862,9.014655262074246,180.438548903838,cotton,7343.950732771054
87.77558083402032,118.1752835225632,127.32928387799848,18.351164690825723,35.993958333153834,5.595494135894068,65.76450267974835,maize,3087.0311051001204
34.55998386340261,47.89816290914509,116.0267573506377,28.579707031234147,50.67897826280006,7.4386929908533475,42.67782931995973,blackgram,2526.72942234896
108.17393833794333,105.08593477278392,120.79552931082904,8.5113148988109,44.99229234323268,7.370972347920519,127.71146026646575,pomegranate,7180.879369476878
111.81180924992911,135.58541146844385,9.027569789857965,13.382429692962567,90.2107312888154,6.4345187979968985,176.95619762350285,grapes,5978.163222338884
114.25106592806918,7.6523564724096405,152.18359071039774,15.293985076641606,25.431811672886507,7.586328222714467,108.88860832333918,maize,2342.70298022266
0.13011836179454894,131.45130782825902,9.923596768247718,15.330951932832887,49.79859913916003,5.782056486085242,273.4597937817516,jute,2241.7336744072527
43.76372348716202,62.4955686214396,46.93805548604017,42.17963581630165,69.5218216270234,9.481080836579299,104.34118112889902,mungbean,6691.345477981338
45.99814098401178,12.62524663135726,41.49160813049801,41.78233734910073,50.82381882857686,7.544922933903593,221.85893009780906,papaya,4201.768442043203
59.84531394333647,95.33060061825294,154.0429485381669,16.12786418154701,48.85798101563799,5.222634054346427,75.21958865359962,chickpea,6700.32331997503
51.83250599584074,110.17904941232736,184.39905787288222,37.6143473685581,29.72195141437343,9.620268041685513,124.71605043939057,lentil,4035.443967043018
68.06431157468361,20.26190618973002,54.707964185485196,19.092991761854847,83.55906382028483,9.103127362533737,104.08563625428857,apple,7152.188727467444
107.0511330538823,25.537315962125415,143.0645693801458,41.07584226031991,72.69848117397551,5.622347834290137,159.1610502457711,pomegranate,5874.350260106322
42.846603272028005,13.91586745035234,40.425428839650806,8.17988696549461,52.30521881509767,4.039234415475017,209.77742420228734,coconut,3413.73710714989
121.97522783581137,45.52172529554915,161.64309093133573,36.11357166326822,98.8444278138393,7.326175915812383,42.78647423093809,blackgram,5881.023373558286
122.22604058212848,28.6401848718553,15.726958304166168,33.11127467141692,54.890911510015094,8.934227327735528,126.58440521419598,chickpea,3009.671531046277
94.73024887477865,94.04662792747773,85.3586270218849,28.22397900290025,40.47717477359559,6.554080508274952,240.47152188704234,banana,7887.449584732773
99.31443505541407,19.75619283550472,172.77077238081378,31.485454318651843,73.94407827636977,5.823090178584779,264.4397166116479,chickpea,6352.229601409144
57.08892481686277,129.09325067441983,14.439340339475798,41.64958168747173,72.4079808754824,7.540806256917611,95.21547330366161,papaya,3492.7507324350627
120.88784517167615,23.520312671145355,200.51799206900864,28.392002611412796,99.61077710182603,9.333694245541444,81.58180164744341,muskmelon,2336.972059419879
50.00692675902628,53.17282649892189,109.10876746097169,23.423270919850275,89.67265789852324,6.7353330670303375,161.15667901642212,muskmelon,2830.2295683233397
55.54570790377411,71.36087723278231,95.25332281462288,38.42112000910805,59.58537113444899,6.495074959859478,134.1771702188832,blackgram,6905.740269826917
114.83546465228456,95.82459594530255,88.79395475590488,24.0310015804354,36.071659818004235,8.313531729260639,162.57917836086443,pigeonpeas,3925.1272564990613
43.620043541512054,123.39149311882792,56.9206567416957,8.057531498935738,46.37168677677968,7.15287347813807,153.07995051441526,mothbeans,7172.456855459583
0.03178535055577525,133.1002152846538,173.7758822461858,33.98022810204315,28.432055225558464,4.270326887743911,38.79412035332251,maize,6344.175132637527
32.4577808400617,103.77877963095675,66.54056267796877,16.47611276216147,20.27830898936795,8.261782914225131,217.65826742204752,rice,3406.9968660445625
128.49772363309742,20.124054048821094,51.52732767735499,34.25912779305604,37.60757392160873,7.497849435415787,42.56365440091264,kidneybeans,4713.214874621232
62.185676962971314,99.58214829944143,106.77881401397603,38.15059901074635,88.47906805393507,3.563428451143383,236.29687320232938,orange,4764.401601450043
113.12949439624316,49.901433424394064,117.48587482358418,17.780585756161592,81.29501241670525,9.173616170508176,130.82261339123178,chickpea,7177.534361065934
74.85252923057334,125.22660017741856,70.17626852315807,41.391479277733005,24.481637153198992,3.61696044623044,271.34962801673703,jute,2411.8919968872333
43.09468100365668,38.76313000308667,51.7134722137222,10.386531691791195,30.092687255303147,7.055517247267968,100.99837824889296,blackgram,4504.368693974888
136.84947614924505,118.10119039575737,152.48198886238924,26.7964460159691,86.23980741197353,5.671666148196551,217.07395335098187,coffee,7962.703852269033
44.856180059630084,28.0001580581373,161.63228618473943,12.287425168809623,68.60197268717201,4.292614570917232,39.60890725084192,mothbeans,7456.577022115259
114.9750216383586,81.24832195499901,20.57130392175392,41.440686700332364,35.238660361302756,9.001730210256682,66.92918160810885,rice,7123.657292851117
29.719989833602785,21.17817273528844,172.2841845971279,25.586297741696793,15.236786294637156,8.639080328378265,292.6606779052546,blackgram,5635.5571724854835
40.45559348894819,57.787550340237836,83.66413407703774,27.059436362913644,27.74965964951396,7.923978648230332,66.5834979266528,mango,3861.8508926272852
116.1749770604199,96.66154878978202,87.24081344237082,31.21768869051385,24.16712743823155,6.069584707615208,240.48973355372968,pigeonpeas,3323.052722819888
5.573601522405536,43.35833392579605,196.12989345329788,41.37714127403913,44.30012666571838,3.775840697269274,69.78839313323448,rice,4353.306760601241
19.76786889520589,111.89221811354972,26.736507874938415,42.34401520869469,46.819018923385606,8.46150104895396,115.24032102149465,pigeonpeas,5766.0132629528525
63.03954773641361,79.35532948725385,154.14353324095745,36.90793216891714,73.90428058438798,9.414067128612373,248.05009650492187,maize,5371.182738857111
88.99034507336586,54.83408828588967,34.70135632873616,28.87634763947403,84.037017177541,5.945590364543829,56.770702797377915,cotton,3180.1291838769384
41.98566301923507,94.99130987088328,125.1890969075438,32.36279515484637,45.175170669710134,8.773584972031863,76.73636980130135,muskmelon,4814.244485108924
66.15216199474193,57.95143213406827,108.45869643045063,22.458758920450048,31.14371209452175,6.139145518557958,40.092991425343094,papaya,5454.715176646469
7.803719502241844,90.37378661673638,53.16076321463465,21.5382534718158,20.92994985664017,4.44184480700765,102.83767146784457,banana,2538.557003360943
118.8493417266502,60.61800619766436,54.11012518889821,36.43141630864716,43.48415097326876,4.213521202168204,178.57383861021236,pigeonpeas,5489.385226627932
33.63072064917398,67.12798747291431,61.473583808531245,10.833380764049085,89.38878912336668,8.164766748725384,103.8067305295466,banana,5596.237957231918
52.09151569480543,111.37531217997437,72.76469648456147,41.3221856323651,77.46178813389682,7.323547152469889,264.8888546314412,orange,2297.6354500968964
69.88785255778646,35.321085987813724,179.52517709717927,11.048825131150192,55.91506198379569,7.925062768084174,92.76680583738612,muskmelon,5745.444421985108
26.647176513306658,133.4108828554808,115.7117065324716,18.47312015053712,51.053811682875285,5.498028056232883,221.58090246146187,jute,6777.803980490793
138.00755494200376,115.7798009495357,125.27681413771268,19.872710443712435,60.83520858912445,3.7628363058585945,227.06137099731583,chickpea,4675.7332705526105
8.750971811457513,59.24530493504593,121.68430380368702,24.247138213324433,67.25157128712532,6.573883256264677,203.9536690438144,pomegranate,3314.7563880248053
40.867564289693014,109.80521920145654,101.52024713230414,15.561100413757528,97.1853223718456,8.076800126828083,286.0834834460633,watermelon,4562.63027216206
125.71373026590268,78.50690763435385,146.45578238113345,16.826050712343548,52.41847630842709,4.290079141186273,77.26244997379536,orange,2005.6604916057865
3.0920183421651637,55.11456723458705,71.73217812673853,21.569330419365237,25.89966527638434,8.2242769314358,258.23610730779444,maize,7632.28781224421
98.12119787756001,124.77715728102214,88.65822221869719,18.829447820465553,94.55831180340014,6.8003299268932675,158.23658047226408,mango,3070.4965793809747
45.89799730401455,119.20435328765693,124.46247566614237,21.777243209710473,54.71546670625184,8.969103316493953,114.52121932465002,papaya,7217.898108873028
11.797011261819152,54.853031923299035,141.07688275250442,17.594212733672023,85.18006675118937,8.235154090242583,239.3483507843813,banana,2714.6392152602975
27.508175373869562,34.64442068733874,13.299465101981273,19.27236373185054,62.138040874696046,8.990783449582905,205.40583039351324,chickpea,4612.377940398508
37.11137980740016,102.46694304215258,43.57411373792286,11.245018378359447,59.771167237632675,8.758506046585314,48.18359620662206,watermelon,6751.347942774375
67.51836001141609,13.023443401468153,39.91797024943728,32.75991963066763,75.21290326922166,9.249473761073059,181.98674874217403,coconut,2744.6442062826645
106.70968816398478,87.84037564493606,43.40467382726891,31.333997816237957,67.61064267255202,7.355802690926506,156.16047130073093,mango,5171.939623935654
19.09184584545922,106.92171609146763,167.62953103359698,17.01176416503037,80.60007653614208,5.967542812168409,160.8586498574128,banana,7136.006449358917
38.7455784731832,83.1439657446617,74.40046708243999,40.650369154432155,93.3474820059072,6.715179647821412,111.15175033707587,papaya,6422.7944837398345
120.74854706576212,49.239599757531835,175.4424782403348,9.432688053102089,18.270888265535824,7.490522849114589,37.543570614121855,coffee,3947.655011060969
47.21736544759169,30.14396940161343,61.27012437076833,24.015136628765113,54.88318356057149,8.511201480622093,228.5425977819605,blackgram,4740.906827336811
33.57479330892264,32.29415800980827,105.98229025002784,34.90614959768796,19.32740059779296,7.191570685684837,53.14050310967939,mango,2218.766304953711
59.49349266874025,58.603640619785686,148.81512410216234,27.163125942099807,95.16491757767974,5.1056980258182705,47.95643951919753,cotton,4359.5689105952915
62.87099197888262,85.86583128919871,119.18141075042895,19.63493422610278,41.135853537029654,4.182391161194227,121.96993313966261,cotton,2596.968013237788
139.0571275001645,126.59798395492452,117.92797157924039,26.081965714899635,38.47563287820256,6.810140337238588,255.7944565218253,cotton,6111.047079666683
28.204948947494614,42.12919517955608,38.95184027856531,11.347424360830058,50.04571100201673,4.225117468148913,67.79169104813501,coconut,5283.948106036916
34.96418509210973,53.05856846902276,175.40968316093858,27.572634611896035,58.26782866308307,4.137310166656185,24.45582749452423,coffee,7782.111132122294
120.49349505044391,102.28857316941105,7.110224490037971,21.793155347107607,87.1818633489848,5.7134966910417235,29.789818240095535,grapes,6477.077831313634
56.89831512036261,128.1772847118055,134.7365906714729,39.47371214012209,67.621456767271,4.340243020830875,106.09429568724258,lentil,3210.7696895147415
106.45600942024757,99.69577164740085,65.19326392632433,14.441567021757473,79.05479356704642,6.53461085362611,82.7694954978749,mungbean,5699.73186899165
139.37153552222128,68.0387534618227,55.50607792728889,23.499027963451347,86.86516925679425,4.818436342733055,284.6825911595128,pigeonpeas,4051.194612788906
117.4052442547547,118.19987478063464,68.58093475465671,8.307202418177532,46.863430159034955,5.431579965841239,30.396363333645645,kidneybeans,5032.191539035578
127.85215607909787,59.31618561570409,170.91316628567373,12.679347903980268,94.44392611143068,8.309109232200338,281.69096119475864,pigeonpeas,6059.703401315039
13.892143453250547,65.01019908919444,130.70043404724078,15.530446756841943,67.96223929388226,9.411454960317776,297.3100404660036,watermelon,2194.7064607440543
103.39644747557489,13.931237875503701,82.44462824204139,17.89679099710345,40.18617649444661,9.790860029150085,198.69212094741997,muskmelon,6306.056946760998
33.46203485323207,93.04220557834456,133.0761493288482,37.767647991500894,77.71475708112874,6.972469292582116,201.69712207234872,mango,3643.9326892581084
55.125719819156934,90.14959274730253,93.9147002138857,33.98294779814236,33.63648770370053,3.8741311183160128,103.38037249751241,watermelon,4845.851989210581
92.92398340755419,21.553374946099673,195.7890424987552,38.29499270331676,63.64058227876971,7.813842351519724,24.631611005892047,mungbean,4033.6686520906924
10.847616330934024,44.52393678950083,122.05936566686226,16.974455969462966,94.32210577642866,4.338775237147458,241.67563149836243,coffee,5047.692151438449
137.06445771083344,63.90311875960635,105.38908102636834,39.847555535590146,75.68452132445505,7.2252488391950305,241.78970141281815,muskmelon,7186.197598735839
131.44277651991823,46.29241536592789,100.09272123382408,34.49246807695045,73.2644137826352,9.0273027354698,297.11295222934825,kidneybeans,4561.149972770538
76.96041572286354,63.40299905659829,180.549880972525,15.139811126328558,85.07595641632773,7.069207623586898,35.1816642933444,mango,7831.071807952908
56.23756498636871,75.38502682534572,172.89064684191015,30.779162754651974,66.89555816777178,4.624301439717828,162.66678989533267,pigeonpeas,6292.286103071931
66.02769112733664,36.8474245170956,38.23699992194984,19.645531677863268,94.83349606817096,5.695370960576156,294.69849311538866,coconut,4911.382734592137
7.34743941396186,68.03308013416643,55.94974146734377,20.315969202145226,74.6829162114492,6.83792629703019,54.65198526000211,grapes,7768.487242541834
25.80219557301387,10.51066317476213,9.369342397240361,35.10699610919268,25.561274753781298,6.493411942215365,188.43931461989627,watermelon,4570.1108034130775
109.69021036230724,6.471851435831488,157.3779788754968,39.2656572825843,51.224233210916815,6.927471827825909,152.60138314770774,coconut,4335.251711740633
127.2411568846605,114.92658381919779,102.48126062016152,41.08800773651723,18.922355642445606,9.458391166160538,34.04105508242022,mothbeans,5283.828464688106
19.99400262620143,86.1761406466815,61.510053503727775,17.76529016217288,48.82729851435221,9.892274789220188,35.28063330147053,pigeonpeas,5471.2509092211885
62.657259714848664,107.20024095132061,76.55095265874284,10.236532971693084,20.392776364202145,4.238321928356505,261.77140788953824,lentil,4833.358554537226
132.25903343414743,51.8829606191779,119.17078725575232,39.83583868888305,14.531808747117115,8.688374850160589,283.64673567531946,apple,2547.9544060013422
134.50448238798975,80.25562010964848,7.83932689434474,17.01711995672352,52.69515598712193,7.934617030558513,223.81858512203027,pomegranate,7972.529077552736
133.81804060452293,38.14014281828177,181.52309150344917,11.394256688063338,18.790787905911085,4.327032320657596,36.052020091836006,jute,7070.073422934655
38.03298679091177,19.525888095019894,64.08440726275299,11.169581366032217,71.4482795638992,4.353291624592481,256.81316738321084,lentil,6903.146304359846
125.40168977211604,9.052204344071388,52.92915699151132,9.133619822159828,42.88253988538118,6.788745764564938,241.4672735862084,orange,4027.889302819017
33.36055387743282,36.41361717197137,105.90058481096716,17.12972360867311,14.781485005804603,7.64910417471233,162.08408236932664,cotton,4673.106886958967
11.144710778950788,103.97388458907918,135.86929193057153,38.53819831402768,34.99669020359402,6.38070309558419,277.38001009529785,watermelon,5959.960700811904
12.942932385189325,69.10604131779,83.8958781677715,38.34710638326315,34.98359600231261,9.687099056224692,286.36239730564995,kidneybeans,3485.789858428632
117.24294331168466,50.21855564476157,182.8024380221919,13.622176441649273,28.880052798600133,5.207341207193113,53.22958173408763,kidneybeans,3381.9153480972655
115.04533837795465,24.455658864127443,154.45951151197136,9.67698537696668,95.5727481661967,8.051424560177704,21.889440506939074,kidneybeans,6583.139001201284
57.5558783792788,67.259788760167,120.30899799022801,42.416926894497934,34.77770977347562,7.860205507407577,219.0437448045993,mungbean,5643.946500758395
94.7621186158607,13.973259545064566,124.22852990997939,33.885341202761,32.143410593315735,8.886380848273754,28.438357938175187,mungbean,7062.877181949837
43.35364185618096,136.2956119979094,140.42899333433385,12.165745657259937,19.927797519579784,6.594719045058362,81.18503836114174,papaya,3523.9085202575206
17.59008893772396,45.56191772335005,52.750354217204816,15.473999907161948,49.358412937278885,8.005801296586604,80.45191515639159,maize,4200.073278217888
136.70391412095742,138.65328996306965,165.02751655041519,16.45806222867148,19.851209011883594,5.528186481411998,94.16888474260497,mothbeans,5035.5548008783635
12.808252574244221,109.52444865018853,7.519280254357392,30.55697715322079,29.726349300919026,4.987385895772244,196.7056956219311,blackgram,7957.660794697443
57.2855622441884,51.1130977022906,143.67550770377048,34.81859154661326,40.15213869353041,8.694412892447062,101.70885942037158,grapes,4677.958159919368
97.0088320914704,143.231586123708,50.03220484318638,31.181126973885384,66.43264411171685,9.35663010873619,63.46867537727526,pigeonpeas,6510.788981521598
79.70171077887133,5.290712464011369,57.14175482657044,26.13979022410489,76.11058448593357,4.6146028313305365,172.03296631290635,apple,6286.758103314691
7.163170902366627,37.6001979626532,103.40034588641655,18.858234931064665,29.631669407462702,6.7264501882780054,109.74112257850238,chickpea,3548.645859040488
18.65979613150424,134.88440263055702,178.5404195838478,32.76672050091874,23.134389172607236,8.465614428606035,244.61213721430727,mango,6606.587706286026
90.14711398948705,121.80547140491579,120.47068024393354,30.624258132983115,53.419259230662334,6.883726847257937,29.55676662177961,muskmelon,5833.778131839707
121.26571924166413,74.88610313066627,64.3075179240524,17.278963764530207,51.152908068011186,9.89391678786333,81.25101537564795,jute,2619.2998932739974
20.37216759023028,127.79785866579024,110.63785235127123,24.35413486026259,23.177216442802468,7.657158443244556,261.303886546835,mothbeans,6969.1152159407175
6.903258195375455,41.0470903089457,32.13229343207555,17.101681408835184,47.1149927918307,9.535089818055269,189.6845446193104,grapes,7009.842714097774
15.750438273728445,108.02885689235283,60.019776311824884,30.36877464481472,43.32272973329701,9.88510248489382,93.26731130010424,apple,3674.782824645618
91.59086468406181,144.74798707318647,19.992008694002614,15.805343823680655,49.07905061395303,5.725807379512878,26.017466054461437,cotton,2550.665638827055
90.48339071203338,95.62789881223277,30.66998532293896,30.756550825597866,98.49350193170731,9.335638845052461,142.07832370374845,muskmelon,2239.687839716566
13.582550553192522,13.993400619997624,123.53921332857556,36.876236169998,87.81641713315953,6.4671812757980796,238.0274212072673,coconut,7681.281178046142
43.631408331650846,78.54455702310099,18.211061564432015,42.03988824774079,44.96515156604244,6.558351071444069,118.76894483786448,papaya,6095.0703806972015
97.93479606617333,47.97035021737256,16.418867581588742,20.006810638187773,71.35649472753596,4.156186868657929,23.3131992679513,grapes,2838.154235617632
124.7165007605487,67.86528645179465,96.86073764261475,10.693921405280609,71.68579218810108,8.756060290386213,88.01410518011022,muskmelon,4527.805289800188
131.27260448632288,54.27016790244875,94.2298512914339,31.508108084926455,42.71561255128364,5.127258630329155,195.43173132912133,watermelon,2149.904493691097
71.96327178271136,89.80552227293082,131.37603184937703,26.44675547723973,64.0979048599033,7.876244485695198,229.36703951594941,cotton,6364.714347716723
26.352507967666384,30.79481122017439,16.400477510386796,28.572945728008968,86.2699432726117,3.611988569519287,33.623291302014046,kidneybeans,5436.621660121675
139.76462591993393,80.79076937545848,61.811677808085804,42.817123410086715,97.12406699574231,6.320729862939286,92.39206424303853,watermelon,7030.39782855314
103.83577805885524,99.53231725868525,46.17639763566423,20.33683664301729,24.84547218436175,4.331084885874438,207.9824174871179,blackgram,7151.600641894989
10.837617277865082,76.79695074091988,73.66019383914819,19.4999721456303,65.79404200444412,5.562878876604319,235.9764620009546,rice,2424.7486160670464
116.82415539985354,12.869946764382988,154.50412734930097,37.779846506273344,38.607613651415036,7.598862553556819,107.33705374667824,papaya,7747.826398894724
133.55114535369722,34.388526404727216,162.7854047897759,35.110022911102774,32.72468537273228,7.475849795073071,33.36595323923316,cotton,4901.447514223205
106.25675645956429,75.08673452675033,187.35702247635427,13.131509500594479,69.54979879998137,4.990426535371617,63.57939916515573,pomegranate,6100.576490943623
116.57712448891881,74.07693805787532,187.32658274169512,40.480498285528334,28.2261330830432,3.514869799244354,293.53280135958784,banana,7436.825216764876
79.043171380645,40.32518419692433,188.05798807585478,17.298994770319222,91.04015291417674,4.162240407338142,202.52443126710335,papaya,7441.913110629463
31.23208683405648,81.39361309560887,141.79502598302827,14.657977578704815,58.79617731225841,6.501982364096762,39.748403150128865,mungbean,6909.846906051817
20.141515288066167,19.652461648507362,89.58870874831155,35.845243169015525,26.158985662605257,4.33405077230295,198.87324796581794,kidneybeans,3183.0978918083974
76.29751893400251,17.14961356909867,52.36989411930925,13.772690939845587,24.71689543426473,5.841755511153968,83.77139359891821,jute,3309.8186708690737
88.02276210839901,42.254191595223205,12.801284152563625,23.944837369653808,90.62375408340053,7.144782454518886,251.4047095931304,mango,7949.746057767369
25.679310089713844,5.957704740770897,98.40357330434834,31.99781122428198,33.4598507363674,4.3435637113387475,266.5978829562554,pigeonpeas,3650.1486349267866
109.29790258402802,132.4274573802575,81.56667895368705,30.072235324407817,50.99227496032706,6.301696351924022,106.28310717205737,lentil,6572.777722701948
62.89843657393097,136.6696077918215,195.56687783411687,16.376630029157553,67.67375412392627,6.53408809029029,263.4404654689374,pomegranate,3628.5851856563195
100.94765252570205,41.00132915527342,148.87763111496406,8.984252719727332,46.27763573647918,7.51122143067092,60.61484522048702,papaya,6938.021446681609
130.95947542279478,142.17249495333132,178.71056615716753,14.088631069367894,17.97289755534008,7.2094190554411135,273.7041974735047,apple,3064.1081699584574
139.90904206610801,34.60037611984757,58.03414823667112,31.2000925672133,97.02858257565343,9.36121182842076,159.7993945782326,apple,6770.661695160348
138.38866782815268,53.2031246647943,17.35247725803994,33.70225123673535,58.86907402137913,4.864505160890465,237.3206589433231,coffee,3222.532915099662
47.91157346904664,142.3936667937792,130.93671905184058,22.565633124215523,28.32231216076522,9.811531502615647,248.1960245751498,lentil,3688.8638147055162
7.927578032858125,21.852940930774736,121.15371672288433,40.50671974219223,56.719934808514665,8.894851087719662,143.95648032102656,coffee,6251.5012746069515
50.51288359292036,110.39864651279375,105.0067831139216,12.473414552613395,64.07242059702241,5.419195318042016,29.56409195006139,banana,5809.578380706463
48.26776736598238,59.64137660978787,183.2043365934423,36.47630846785746,75.48594282545284,5.092301208020147,273.04023008072716,jute,2926.494545235278
13.098316967726976,7.334017083948634,179.70685284904292,16.27662192835431,32.189580438232056,8.21062656272682,108.9644794382949,kidneybeans,5036.268154471019
134.3644010046757,124.22139600241323,177.75792459300067,22.23708120002018,79.56306437881686,4.420807394494593,22.39608272051492,muskmelon,2119.8375954681687
72.52214884719277,6.044839658410717,89.53732393148515,33.13238564203013,52.07165836919948,8.186202920398223,84.77927210232006,coconut,6878.852026890353
49.24081558839132,66.62524601760704,18.861554607658967,28.237643342815133,65.39638982872543,8.229154914236624,28.109230056826636,mango,5247.429286602981
68.30602733910226,33.595905511095495,130.3605260129688,20.5559878690011,99.62548519399404,6.573174497676082,155.07619852071247,rice,5395.110724464032
121.65427470292548,131.62339361874916,5.149541674106213,28.794773701714295,75.85985237615978,7.459980687728681,42.70697463284641,orange,3306.3493927934132
116.44144838271255,69.84792108324886,102.36564238824737,40.7212566294078,68.78938644150554,9.25147328993705,146.90946178494616,mothbeans,2896.6175511097654
64.21871619345535,30.428399063035062,65.47914806078444,9.778090639112978,54.27385086524912,8.960020300225516,279.53536676985965,grapes,7595.613245021863
72.41810376560348,16.78982156479377,201.9151792752226,31.324255664322163,38.54474988785434,7.249173722977564,50.43609776718033,chickpea,7795.020012845502
134.70980741623225,140.0283515033396,62.887273606004385,24.78687838605603,97.66459764476193,3.5311578089952205,134.72455304940348,cotton,2602.7452980858106
46.32806720922733,39.760247148318435,202.60279241308433,21.628642288340572,77.00469213467429,7.88224104883843,78.95858401871101,lentil,3433.9860812693078
5.818378758116198,33.95167464618018,190.012911289411,20.813959127506294,22.91275847734842,7.995394341543693,103.24924725372279,coffee,3613.14147742503
95.23509636625236,120.56158540480803,34.32166007200063,13.588322227850277,81.94715949754365,7.444260789466526,32.47123502050533,maize,5735.28194277369
51.62152176591843,112.76239856156323,167.18703853452212,22.01248193939407,95.4551524965465,6.101361394893262,234.57041779397056,papaya,4903.263587385554
94.12875747000108,101.48539745985234,73.29388132168847,15.546341783506566,83.97908328512848,4.889460668607298,170.68352536725357,grapes,7809.253045177433
40.48104682358113,138.31641097072531,14.97202927983285,13.246823863649889,60.23197787243023,7.185071815182782,199.35172315765115,pigeonpeas,2101.814775892799
20.028673381276334,6.962032453647977,118.37168665881893,40.629340937234026,71.27145628291993,8.765007798274734,23.692174561485263,banana,5252.091790878356
69.85551219091103,15.109845946926313,141.8870722138615,25.612714520052204,79.8028010880687,6.605860057994978,61.52809487094812,cotton,5889.541724466932
120.39169998567729,34.82494477805699,126.55568772137744,10.932684039189157,69.30324544444255,8.380217841763422,182.61078852608463,coconut,3597.389008992862
16.722843755000007,92.12241707036367,191.88404336850274,15.228704139020223,77.2122488230385,9.045286804793866,164.8052456084081,muskmelon,6015.594775061947
12.526237193454211,63.5177719709679,175.6569597134404,37.965376769813105,22.534439183092566,4.080613649586118,93.02934260653801,apple,7248.596375323961
14.264845556017393,7.228837416791805,128.23659304251947,41.62902959780659,91.64665001516491,7.959230815586588,46.866082397834255,lentil,3644.984226033801
99.91243963570153,127.31492483850482,30.360359825352006,38.33084910084263,65.04747187962963,4.313507141548953,138.85663578999993,apple,2965.1617609105874
63.45744450570299,124.44461371609205,121.26420394501066,10.762544926344432,30.483733419403592,6.53708384101476,120.49342765046376,papaya,4152.3621172765925
81.81542902252404,116.56061983866675,73.19331269249693,36.19131990642053,43.120565703686395,3.8547711292238964,174.06416697933196,cotton,5527.413949368887
80.18815136319526,38.367209487919574,163.79101694311814,25.026896800634802,42.727917164116526,4.18365435496954,86.39895459220273,coffee,7695.6870305359025
23.640300511384943,69.49419083169904,66.41754867204975,9.230573759491795,41.79048868602989,6.9822951932125985,173.37603942155081,apple,4139.353527061332
94.13066011050721,51.026417857622995,60.622433510760686,14.455231670449272,56.78641271120129,5.2660725002060005,223.2208770607763,orange,2459.7344119532163
2.96097526891828,63.650616917752444,160.17301304055738,19.8556534521051,62.481390724304354,4.811867090085829,226.2747187330759,jute,2313.6746196125578
95.6656907678822,30.6989759903706,169.18384272260005,23.010953628814857,30.25276675752106,5.303503042537551,94.37251440903917,watermelon,5115.24184762076
11.471381465340457,32.43722585824667,193.75327644240286,42.17713814017605,46.358302322416286,9.409030534489188,171.46125983721402,kidneybeans,3618.4547952426024
92.24625292048,143.47754467522267,58.00945748185666,31.52208259316074,18.474042932532434,4.227334647659005,21.089308236403927,lentil,7996.764086358039
110.1412220626957,76.36165054034515,65.013416581088,13.294249956193656,38.482027540795876,5.906215820346491,230.25420696052174,orange,5237.970733418914
2.5240612542477137,19.32650513476884,87.09974273947587,40.66175209671564,68.81661338399306,8.631685759203297,149.6521372722645,mango,4169.996499170256
122.6306231060687,114.6424040639064,38.623619519545024,25.92911973566912,55.91423348122706,7.500585937193783,283.03995652957065,blackgram,5478.628650574878
24.27544926885671,106.47017649417405,106.07073364756522,31.79900985312817,31.447093128624175,8.272021328131213,296.78209857511246,mango,5993.903003755759
21.670044878455677,47.16458217963023,54.795379832273,21.03074845005667,35.90108386653672,6.629285929206093,133.25939101660254,jute,7919.416944675959
90.93601420451247,47.3672456100257,96.99633393562017,17.776881984679584,45.767640143139786,4.521055722805911,266.1855253168055,pigeonpeas,2060.0624633548186
23.913918882869503,32.67664243602826,68.76346457460093,28.7723745537648,32.07012873085845,4.2445230536528715,289.69249442432414,mango,2131.8908888577375
2.1974267834791505,55.41394830949586,22.96442588512095,16.98905132038148,21.956429421746122,4.146026403560953,75.32513984742235,orange,7999.095466918401
96.86983085732288,26.819215117202084,53.68852335308213,37.47678058055901,32.000322521741936,3.964142828508681,215.51185502374562,muskmelon,4415.158132940853
73.03965219136856,41.77376294626784,158.45583550312602,40.43329438604045,55.597410790624274,5.51954223643591,239.32674445390964,maize,6090.7129867307285
17.264588750540916,61.13584573636925,75.14195759841687,35.049402919927616,83.07266400041487,4.4818424472901635,121.90123009142488,coffee,4240.11896619099
111.78349070716666,104.01196596695925,43.07635725940695,20.835266800782968,23.099232137660223,7.520522221395481,53.741395024516265,pigeonpeas,7915.605011749507
49.69036813552227,75.44508338718825,103.65616546771201,8.138598005424996,57.09999490534417,5.95614373105542,290.2380552619269,papaya,2954.954503962979
58.72740791257476,59.69709519413283,138.1661655303725,15.54295001417191,33.0121535420033,8.16695007040546,159.08076419253393,banana,4490.934056343862
23.350226925714384,116.638877551833,149.02226670298916,11.01475200421627,53.887644921996355,4.613455356939543,113.81861870820619,lentil,2108.4865532341128
76.98276896186947,91.74156299579215,137.69806902574203,37.2701959585861,32.529810025712784,4.271083663606195,256.72733378762337,kidneybeans,2939.676889355899
64.68550799753778,131.42390228899365,15.170684727164225,38.22448810494084,43.321510941264435,9.256881696616382,281.56461396293275,lentil,6025.189322011436
9.18765234489446,81.91765648853504,123.1732534790229,30.845484332202844,35.98729520653605,5.833225136127133,254.5431872468638,muskmelon,3169.656613820959
112.54038407483517,76.2439357243944,17.488854994784827,21.438145311645435,52.22192235974889,4.40635036791435,48.493979514601165,blackgram,5212.789697941725
63.310114014240526,24.989989133503855,82.88693601553464,41.3095842236688,41.495993043227465,9.055828223149202,264.9876895075654,pomegranate,4101.119145991766
101.43810728223455,48.611721861958046,161.58472285151447,23.49291968911516,55.73293984146545,8.478620203190637,126.29700603513255,watermelon,4658.764071937487
50.80121437931448,89.15276343548238,174.72131037975595,39.102473984278106,55.6110974228572,8.161903918716405,107.97437227630122,blackgram,4053.1184345519446
101.29484026635241,85.80613467126324,134.5440108841224,9.025480508619642,67.15685503830593,6.760856788634893,171.71841097868312,orange,4156.5429609849025
61.92696412703016,98.613923885705,68.08327825173669,31.890974792345688,88.94801459113539,5.019910671118079,292.13963660133214,watermelon,4318.208822820841
71.21883779027733,39.037434259173615,153.95014632598443,13.888280268797216,30.334387954847724,6.448557896628963,99.58580166711957,kidneybeans,3484.777887398878
94.0827667052749,93.95990889841607,166.15278365866627,36.88370333282633,88.66546451699219,6.150441693306229,214.0063019078961,grapes,3609.5021535338647
72.54880250555291,10.254012054452437,118.8460424182896,40.22697973726264,97.28404522303508,6.959537122489115,147.38093586011604,mungbean,7670.1025654909645
118.78750939072356,131.84266994621083,113.31938455969738,30.02982988909852,36.094628483537235,8.625137203062557,195.73003510882842,kidneybeans,5021.08106778798
116.22840380840668,97.96171192946431,72.67357318504317,40.74330579656,92.44985112742967,4.839829756058232,30.958088663460906,rice,6447.852250104574
135.50103923318974,129.5770951723635,125.10695364128297,26.55183187243333,16.39433040858242,5.078601259806578,147.77290098175354,pigeonpeas,5771.023400501406
138.85645094490823,42.25511386370188,171.6383319570908,22.937663026787178,69.79122194331313,8.154518210895578,196.1836362389135,chickpea,2843.0438186515594
38.904757638285844,74.74650188435707,70.90608275479934,23.421108992071115,87.69771116876738,7.878938081206314,265.3186511946277,mango,3221.0666499913186
134.43053013359545,97.44701627197786,109.54189081352021,8.825718872327855,49.581029191908364,5.415189883265027,227.973375672722,cotton,3249.6660509212747
26.53266605323275,22.58618584187303,67.20140073417748,39.007274005519875,80.64384861831212,8.20560778436348,241.65963197068962,mango,3616.50733597743
65.13885437862926,13.153296314838531,57.45486436299698,23.262466807675942,27.49362567656633,9.564416808473876,233.18399359334092,mango,3609.7232025666362
101.00288199534009,136.7790500469517,181.32706983508214,26.03172791483748,80.62012530219951,7.097726424496544,173.65168143266015,cotton,2688.4517500291513
99.11172820359926,104.91129042912398,55.48034298843025,30.988533088095714,31.04573881025469,4.421620633086862,297.8520745883173,apple,5734.255588839045
8.90420109289163,82.23631549290464,173.21923412322028,42.8897249498504,51.00951293726023,5.549911951979152,272.0496165526557,rice,3147.4527744567285
32.25531001203902,100.92820352778125,201.3794280070491,32.188705451884786,89.95460255143033,9.568470443155633,155.3167914419437,chickpea,6213.949876518241
75.33694140557384,14.877008919385242,191.80659822612787,34.822294819508656,70.58369236359493,8.77293684239785,200.01050316850535,grapes,7813.666383045747
129.45220534151454,77.39846488148932,28.41288259637253,26.486220249805598,24.911063213426026,7.291958266728992,154.1330708266903,muskmelon,5735.452386996691
135.86139684377363,20.734030520813615,58.700983450567065,25.23406157215175,85.95875300836558,4.547524247870259,96.99338383864155,coconut,2394.789306771434
57.514295379439886,35.47797184001254,198.2042918260417,12.57220335450759,45.97796347271208,3.6653694222080717,81.65469875752589,mungbean,6682.826830280929
11.208876354055183,71.42344517823327,6.993846946903699,10.966815404921661,83.45582478241586,8.437429407101481,274.4085920725611,mungbean,7127.092615464497
129.2436196455851,33.93004588483874,179.8218236051661,9.066023282467388,21.81538229978976,8.969920264859287,195.2945765927563,pomegranate,6483.416828237301
137.3065644144392,26.796963685830608,50.13291661041101,15.412935245852594,82.15842001543496,4.696206697280756,38.53143269087909,mungbean,7991.364839513772
102.96489400367564,16.20255776607511,76.89292437078872,38.04292923518804,34.00393214479301,4.239237543401384,110.65748374558457,mango,3322.627309355684
121.51532988029835,74.95565223960658,17.268774896773603,33.00968211326047,67.61340889491876,9.711549892662374,175.3890007951648,mungbean,4018.3623404174564
137.09686079663228,102.49074055462428,139.39522758541023,16.42385564040599,77.94981651021311,8.30173970861934,108.20633748970168,mungbean,4902.282994344279
1.1893810050093312,111.54083761293775,147.60285837234815,20.82002351722828,18.55249045891837,8.331568254624322,285.53869461292084,rice,3440.909576132085
85.10079537133727,61.47100270368945,140.2944286984822,14.64764681806257,84.41222569304048,4.246810367589759,202.36837659356436,coffee,4046.895954918098
0.8210619042025824,15.99138158350538,181.25161355260232,10.725764618195177,74.78510927410343,9.388244250297937,95.25004199588125,mungbean,4222.948622357086
123.43925574940185,136.86678221645883,152.9126496222536,11.031691629914292,71.54725737599716,6.125943819985038,150.85487785851512,chickpea,2294.890342071062
110.67190505471068,68.55423662670037,65.33244832622978,21.440667588773536,87.4783581460085,8.293593711391726,95.70368041634102,grapes,2705.0110412742397
128.9059031476627,86.42243729896575,111.69604174895657,28.873775989236155,45.47843085420031,8.665484930044883,165.47357730546943,mango,2700.4874166127734
114.60305225223512,130.944083266853,161.38651595764176,14.837563629701293,21.460382653118813,7.374844705954191,35.872343421747736,banana,6036.955331348505
101.98915073864163,32.95376332569054,79.25418410107876,25.55947081022487,76.390262486714,4.224679828858402,132.9698606671343,papaya,4910.437454856172
107.40390058286852,141.17642405655195,62.168289732681885,10.488874787470287,43.7264964565999,8.25708464143409,141.79503898725608,pomegranate,6906.730583536517
130.1708411682704,137.70088187986963,18.86090120374974,23.97447038993485,66.43325926746286,5.137584261198162,133.1673446673565,rice,6066.089246706189
111.17883864251813,74.24358738692622,183.9495141662602,17.368395301800415,49.31148796249093,9.251020227641408,269.1593671790989,muskmelon,6114.276612948085
60.33178711256576,32.720424243057494,92.60435927006587,22.306031698298476,50.887030516459085,7.24759227838366,164.88629552596342,papaya,2898.662790085416
102.11816282171567,83.36044102996388,76.80015361585275,36.292523787432586,47.3730287864423,8.594176573443889,105.00020344844016,pomegranate,2437.0717852711987
104.22190349725751,26.27722554636717,31.063597618258182,20.096946296265564,83.4624037377889,5.076628782350732,37.584447673832926,mango,2790.2572112381304
85.0460455471997,78.24212011283757,179.8950206567285,9.520167503247311,36.448441672082936,9.104880248698596,229.15210530388376,grapes,2105.870961071635
74.14017529977447,61.123498917907455,64.47866641239794,31.860369764431972,31.869979964608827,8.61327079725892,243.24433069335714,pigeonpeas,4491.568625436923
112.44969725417305,83.66277387381184,153.1766413443971,31.165110927525195,44.57556255507265,8.676694649814818,101.92698082817678,pomegranate,5427.277506509103
0.5479748029546894,36.809074896480624,86.28125736019909,37.794140857672105,82.66964489201659,5.209857680563135,87.98224314963521,mungbean,3363.9324264201646
13.796559197811934,37.49100090126311,146.7800012503165,36.83105616693049,87.70449643642971,6.156685931871569,44.83649283713898,grapes,4626.688863797719
65.60425341701138,87.78216084925425,182.36818056632143,39.10992844376968,78.13310109659687,3.725004749110409,179.86957650574533,mungbean,6719.500824989039
12.55812866207841,139.61612120335533,166.45232986525008,24.087146402476108,33.22981915583571,9.474112673599056,115.79785361209815,blackgram,2965.9065901242484
99.23189708686155,29.903171364488003,182.70665770489697,23.466774574262406,26.284748052905442,8.39121022764413,239.61291100466283,kidneybeans,5835.772835992745
66.79537447714966,144.23899593583346,140.83433990759858,10.592621752365671,99.38356332464988,6.110523115393219,99.89790440904414,mungbean,5347.275101467314
82.22869077402392,29.389494509994737,197.57832683560753,14.14529221721157,29.269981095337158,9.357069683037153,149.32711040782456,lentil,2379.1296756470974
22.36492443275219,27.968902357146924,62.03731920200956,35.74940158457345,91.89508399473452,9.74055788612916,84.57652383881383,rice,7287.78527368455
15.797676232363818,126.8034895728232,132.22112692872372,13.76558136283716,50.96548814611822,5.338449247213233,224.82889010143475,kidneybeans,4720.497383745608
82.34011894214375,24.35964427666468,90.2244741944971,27.33125240809973,65.50394614912928,5.256235014402401,131.20823880418902,papaya,6670.035374405352
112.71307275193367,124.08122762292392,115.1090601239991,36.90608792493851,40.10133618672389,6.050264077498973,108.10181784155532,maize,4804.324012687553
35.65263610054255,144.74730762689,42.58519157475908,13.182091582109038,22.486929587353174,7.210754209067495,194.5461436285842,orange,4191.367557541292
103.52645154377588,64.68456115869819,71.74084151512598,19.07640744215245,80.56357750728478,3.8332633998161265,23.56441856394842,orange,6773.266351559888
71.21575309577106,12.659984476709592,112.09411491826764,40.75122415335927,65.3947344201916,8.680335926162016,242.44243625290667,lentil,7592.774598683917
135.20786214380018,35.1376664100168,167.22091326106363,14.903493315845587,32.36422309801982,7.826995418653292,132.59030540733846,pomegranate,7589.266442639121
54.267447528344306,50.247194980032845,192.03171447532424,20.71629002301784,47.56476014502974,4.178987389522619,206.38417294853758,grapes,3733.036486865081
128.06490602187245,28.373025064825686,29.231092252197083,10.989296898289286,92.21215510715028,4.739192382690949,135.7272101353306,cotton,4693.108193912018
10.042948124639494,36.74620643607223,191.2980773837852,39.794353754399935,81.19099567688953,3.6241679719565787,110.90788164191639,mothbeans,5767.752412057447
88.08055675584468,56.84102930178449,50.230319960423685,38.549058195366214,84.05260824176123,4.997106052988063,75.77572106074743,blackgram,6290.820660867053
42.89583177067409,26.320634589471737,57.79510394196598,22.962764515742734,77.02409700542773,5.6523718042479985,111.35200637539627,maize,3709.479515314615
26.997545251914385,31.754787176760292,158.75283614423208,17.295565940757598,79.98207189769317,4.817678788906236,109.42881049896401,apple,4792.921834638197
0.683825242835272,136.13258264185535,26.25570231410716,37.469423482037925,55.52550978853342,7.7198872785846016,161.9698696763167,pomegranate,4862.289351076128
53.699434741020895,73.84331202265852,184.24724982922663,36.23477327107715,14.314442775639838,5.548381210774928,137.253239258243,cotton,3378.2977020993903
120.23782167799645,93.04224021786273,157.5695804692958,34.7844683440935,44.63848459619448,5.254132452102373,242.7236106746941,coconut,4263.072750705462
9.756697542216749,13.150451690547552,190.40083202028165,30.69592199635022,46.64554465455658,8.33238665482357,206.90685317823227,jute,5187.206280917577
57.67251680571691,135.81751123997006,14.692846495164464,15.359666226565148,62.66642003875127,7.439536788436347,30.996986824406456,mothbeans,4418.232547442793
39.45083065129724,106.07764057323027,177.37502980316165,30.892714353451165,57.99679251560323,4.517118507802698,34.861522104139446,mango,4674.150741480478
44.41628440996146,112.28256995664601,104.58971851645278,18.851190840435752,83.82922584560895,9.049773766407181,207.0962702282522,grapes,2281.7865344460038
106.86128767961942,24.110421691701504,50.73415027692067,38.88732867738477,15.730468079364368,8.317453682086246,151.70897531900957,rice,4680.632953037641
65.53987186190301,129.25586708169791,133.25314185137395,22.477559765469458,39.181906539396515,5.90063619403744,161.48581512058158,chickpea,3914.2635792368446
89.89543290357295,46.74104987871779,30.29284908071423,37.489407551281346,45.14761784029703,7.727006216732359,150.88696458371967,mango,3193.57867877023
80.78896633159837,94.96791092953043,174.96852091940482,18.23802571193609,28.402462187303655,5.925637332340477,118.29388436977247,watermelon,2794.8137241071286
27.17802786243611,80.1250512969284,191.96440808876025,37.22348712682409,86.45796771825495,5.4405324400619195,139.3865153878793,coconut,4824.235683895624
51.658265772085905,124.64666361038688,165.4406017671713,20.206643658863094,73.67338203765897,4.521649643350017,269.16627150153306,apple,4426.946386711456
127.62076421682735,53.38682364611053,129.3014622276168,9.35798091551106,30.06243742787712,8.819973152575631,233.16160306205734,papaya,4103.8561487428815
74.69762069750112,5.033740655918837,53.24886720760557,15.288113301287506,35.54153342047965,8.657797392214025,97.7493321199112,muskmelon,3149.127932300889
5.099562062240821,131.35589607801342,19.661163622743967,39.29637555157999,33.622268582577895,8.236113921012564,106.10584320699135,jute,7152.512153655103
84.53243103812548,74.06782232733327,13.013817269653334,42.45126925849144,46.979376541453654,4.474260569067948,205.34506180021498,grapes,3705.729734572756
89.05871348192919,68.59001876713464,177.68600290435344,40.0936389585871,99.72546329038144,4.48357846916638,259.90400492018216,cotton,3596.1282603728105
55.27301960295585,95.44657217352345,35.12219061370382,40.64268351898675,46.9430573522063,8.168937100649206,25.654820763245386,jute,3231.122857428842
116.12004186075718,47.37508945302565,98.54973507493271,17.547786244494603,53.86542193813788,9.182162704594433,146.5245362271099,blackgram,5335.472102445922
2.124387866499038,44.72437139446384,92.31634434836488,30.182894159745512,52.70446602763472,5.66202907725801,127.89144842567569,apple,3453.759975202799
25.609209634691858,56.10665933696421,91.48743334330061,29.811034858626552,20.40084398571235,6.723627271919646,70.76978621036211,pomegranate,5443.851050190451
77.93929591739953,108.36137146696308,72.12184884818026,34.77873070715958,51.217969026904655,6.5987807892646195,200.17239137857786,rice,2110.1503039953436
86.60192087009615,48.37859634545919,22.158856979897898,11.18274074695644,93.39724224072965,7.911387655845358,55.33452662826583,banana,4140.3390158534385
116.98003871269081,11.112530019821193,52.32662629400177,39.1412146603383,14.788237315808217,4.78895425788088,286.60872092048453,pigeonpeas,5680.411079133027
43.783756266376024,73.04618778785158,137.8201342295782,26.481660715132975,97.37196634537409,8.133530651108426,78.94846812846689,cotton,2630.5853012818297
26.778831945235588,77.39651031996873,186.6167374119709,36.15310449481952,19.661366529231223,7.932465920496524,178.98751124358915,banana,7444.779058078553
74.76505584865193,128.12477709166492,87.0047573483486,24.869822120650348,20.059618279358414,5.280119298873029,110.21284846896737,blackgram,7670.734692469322
127.62277189285771,82.57766287015839,110.4294588598361,34.73871187139663,14.43677791591254,9.37365531286503,74.89077115133462,mungbean,7904.713302957423
17.679686161839655,137.4087096144886,31.51481549689647,35.11355280136294,36.774203672935414,9.474996119688011,220.14875194471531,lentil,6522.882277870214
70.79189004023071,15.800212372048541,66.23918409641624,30.947029424001112,34.5762621966259,5.295378059874566,248.09038654831727,mothbeans,5505.918390576255
72.56534922557528,69.65290741868262,67.88682116228108,28.333900532105737,76.77046412250941,6.129970591761653,194.9229356563052,coconut,6195.877526931822
85.54327761586943,92.38689020547785,31.40703537799911,34.46817564356746,37.72983362370541,9.291756033087449,247.36248442932342,lentil,4077.596249208491
104.96160454969606,18.554622338210606,100.21134043021236,42.70901491374575,80.25765104014098,4.847382326019924,159.40072968801917,jute,3401.748581891399
18.864617118327036,49.072708248879565,102.0995280565327,24.729984076900898,54.53751765907454,4.625016421314443,60.29124253644115,mango,3528.6055179717205
78.38467445840996,73.09670497506495,105.98656081788002,14.174416864976017,83.89502977020243,6.967266047622498,56.44020155390746,blackgram,6596.9426094966675
37.11248362528506,107.80339845763505,132.1879153482867,38.6245690818428,21.115494099888153,9.35653333349168,101.55091821428489,blackgram,4944.166075561904
106.44363115461934,63.84666332045796,193.71062912988188,39.58868589235014,89.00585906937756,3.9560533289486584,257.4837411119952,mungbean,6689.812672659263
15.038005561071062,19.162933612455763,7.266518640897508,27.202200681810424,97.71190906349972,6.3075820985586795,170.33058552468506,banana,7807.818780619733
76.49466540964306,84.72671205282151,73.6347714414567,27.655452633841783,20.29025581513242,8.393718864730317,99.14319770930753,lentil,7325.649976963729
97.4234204115879,28.040940259890398,155.7361031085981,41.88392827421408,81.04154671639252,3.643675189960478,186.76824907867137,chickpea,6172.464025818346
6.588567702772636,98.59653731595795,177.5541554918451,13.701592906708791,83.86757455565544,8.961732694636428,274.18664306128244,pigeonpeas,3591.7105345163145
87.97919604847421,60.29232604300469,55.80620355979719,42.37473145526526,98.53971983456682,9.419852468704223,238.41602366603374,coffee,3954.6772624737096
93.79348872029053,5.056216163547582,166.17823383937085,10.773736214547508,30.468106882098272,5.971912929914174,154.7907296410768,rice,4129.970694883651
17.66143348029435,22.25974984333779,34.49052009498023,9.040769145311092,20.16892945208212,7.72316714770585,139.98044349466755,pigeonpeas,6581.618402528082
84.84193647105138,84.84375109571054,15.715311921481586,12.917465342843107,67.53924807432779,4.830072585336549,160.13148217006196,rice,5269.29011617636
132.97608876809122,82.67561151046287,73.20403445120678,41.66527060217995,61.076950916105375,3.9112174269095106,198.69188091664248,blackgram,5526.108502370065
22.192832763837323,73.24549696495636,77.82421136830108,30.37852475089343,25.09713116449054,6.2540251394713025,96.36799912038593,chickpea,7326.509148030128
10.07731458486504,40.935282831036886,147.7801866793196,24.80064784456173,48.60584657404099,4.469328783362653,142.83403158480968,mango,6624.151824561403
50.76164976325479,14.29674948446963,202.86990280840783,9.375218080274236,70.32201259071587,6.333509937321333,283.7987086564628,banana,3475.998441840771
85.07742648966513,61.37396915555969,46.5687442839298,36.46924127476379,77.88348977604936,7.7341828221392985,85.70157209471283,orange,2587.1420162987
26.37390130688222,12.874537204124149,21.141690838797196,42.746984527945685,81.388214947888,9.400719846177104,74.225212781709,lentil,7763.41121794061
132.16577895932983,60.478816748838085,143.77266846567892,25.12629616162925,58.0815545694822,5.213755613466352,146.47631596207592,banana,4824.709982076243
108.82655197150706,82.93548737544549,134.1518584522612,8.473104509490202,27.946682533798175,9.80345450250819,41.12619475580124,banana,6072.7293335614695
132.40846038118454,32.594845435311306,180.07264798015214,32.65727727440897,53.0308044873944,6.959910363678266,256.18884864512336,orange,4880.809637830239
21.580653407086782,124.79011298029253,107.9339048103655,11.699521135775523,73.69022068366466,6.82264345327706,102.86000495895705,mothbeans,4535.236281343129
16.934492713388927,16.017674527355865,110.46217912847867,22.097493691627324,64.6376832334352,4.071021875566327,139.81329147153784,grapes,3048.7202902709478
117.78756066084675,86.16730404079824,128.78703255268675,17.901006842522783,90.9587512606747,3.654918684304191,116.9114865051111,papaya,6330.802529299136
113.43627827242017,80.12094660400685,60.64343741376443,10.156279485236423,27.974863730801964,9.228216696661995,210.7147342541777,apple,3499.410329821339
87.6377479485135,26.07624232871146,98.80800933319257,25.65486611222029,64.31669220809658,6.784288104515612,157.80203412358247,papaya,3996.404923903133
12.532827551557924,65.72895841700151,76.1586255641986,26.064718163607424,40.216082556038955,7.902624585314076,260.1794405186439,orange,3793.179132721206
12.027454348394869,104.97667972948823,44.246856337571124,32.15263739660792,47.57237436003803,6.160958726333769,150.43134391379053,orange,4206.251048765259
102.79189216605167,12.715349591693347,182.57458637026608,32.60471041513868,32.58683585799355,4.673794231102334,140.0015395319718,orange,6905.391977267582
125.54451698708425,34.498933110486874,50.50677538729266,17.78605014257961,24.957094165806893,7.591282452360722,40.889740983369066,rice,2805.2145579581015
47.55248686740198,104.11269573816647,116.48494893402841,16.96074105715296,69.97120374208222,4.2441515538744365,169.12208649624844,rice,4622.8886302702085
94.77674532354399,74.61371870329009,23.798185883320407,18.175280766723276,98.60093944374252,9.64857441068683,109.09535754824215,chickpea,7977.780825471355
51.41887817929929,132.9340331674922,78.6590935311419,21.07056069009024,46.98396806932202,8.854369346353012,200.91915319543872,coffee,5685.013101913356
40.798119414646806,52.06243608423278,66.69384251653727,8.701609983639765,64.10092619247376,7.97253549085461,257.3747462000066,rice,2840.992600296382
122.01725990415468,67.543533543595,73.59330394001563,12.838594797191998,51.79402219482602,6.676465736220025,132.21378106918684,lentil,6071.9605629613825
113.84099837093397,139.09623044653873,181.75240309160637,40.666529669072155,87.85184610014447,7.937644163935075,67.3320442908712,rice,3630.245113124558
10.16047172625951,124.04447914206385,47.570017207671484,31.40636390574348,60.68751938302925,8.83051900727827,54.77471693452018,jute,2778.697794335668
31.533586326934476,100.40441615953807,55.72312552771283,38.93066860909854,62.2871031613542,4.6899753015960615,82.37463084417911,maize,4963.095174248601
114.88070150673896,44.934207922947316,52.842217606843754,35.54415297834203,18.848839431377915,5.864048944528545,160.61496388066766,papaya,5362.0920461019405
49.67840128029215,90.77580825444501,122.07508455819126,27.166563522881148,69.08156321023026,5.160474694835688,43.53235349652685,papaya,2715.6300322384604
20.8086501809039,68.86222375677514,103.47151890589794,9.282039415958678,30.83415854114222,8.791151542885482,250.95333402934347,muskmelon,3754.490503305488
8.570332140100083,87.72825299581174,202.84333668411722,13.8390396732592,18.014894511337545,8.48900276367317,90.21890985835333,rice,6977.86283211757
14.737122747259539,85.17559421993653,105.11617788965974,37.94561129264471,59.63978631966284,5.133487579803414,207.829049754439,chickpea,5255.4527152134815
74.00178820124192,118.48453875642255,152.10414115871623,31.232706837950545,23.751290217521237,8.111944260247776,159.0848334665551,kidneybeans,7364.597216636956
7.721922684249964,119.88981844962703,12.539478084534124,20.850936899325795,60.6377979034128,4.447845111213615,227.47523989420336,blackgram,2050.1282250328313
81.3115561794866,105.01425868522094,188.32862053878324,32.69238281771183,71.77301724191847,6.023783336644252,20.357070296450793,kidneybeans,2720.9555524137318
68.4921860286458,58.611233520826396,49.41643764179797,36.86192234803126,66.31810400172436,6.343854055023968,282.43086206554995,orange,2287.0328750422327
125.2666781817493,21.45801487693112,203.04450692301478,15.329234988247677,15.013069360651214,9.883506809942748,98.13854015374145,apple,6008.116715075359
110.11362419450278,48.756111313141105,187.88834589746767,37.422142568669386,86.89706833779594,8.438046246757288,264.8850358093768,papaya,6834.481353068721
43.84548709850892,30.03774959109191,185.38322156757656,21.90154102109951,35.094020227795596,6.36981018250197,109.10905437220576,watermelon,6466.515522879956
120.54467599611365,84.22083029834673,36.4471330188467,32.17179597284695,58.155366752820534,7.663881748813462,267.33310069492285,grapes,4642.607423936277
15.774293728870603,85.76365849677241,13.190306429895955,26.45618878599509,90.22770365021651,8.862388928763922,265.4133124961661,papaya,7532.292812762644
87.26402072626804,12.886658891893571,9.776838263828553,23.75084838347309,42.61135545356962,6.305111091412262,93.02874014664144,papaya,2988.3064816578853
72.03995627749207,33.02158957491136,68.91788525199966,28.713276768216407,20.211723951433093,4.443699259303549,40.36227794185445,orange,6873.903996284714
105.463810463096,105.28554808664393,138.87708473397385,24.694717038236124,69.23592206161189,3.745513950643038,192.7671094985861,rice,6667.266233221263
44.32372845747967,98.97101788848447,11.289191011789509,33.42738612180979,85.87734409349571,6.157046954266265,232.6363147645943,orange,3047.6655018935717
123.59710869493108,78.8936951613869,108.52596567959344,28.225697850431818,78.44112054224937,9.67401906450215,40.45061247198285,muskmelon,2320.607614346103
24.142494456340277,86.14854414825454,116.10501361254393,33.88675896285483,56.93489004713063,5.242628228532059,67.09222689757883,chickpea,5724.912821035351
117.29779332677259,15.130016083785726,181.22102967131318,16.983159146357004,64.99668830697249,9.490362745611378,208.5180554271877,blackgram,4486.57887480222
48.157149084291824,43.81617828888606,204.33665558693593,34.277658091292565,69.44591805483631,5.77385371660364,33.66671050510339,apple,2186.341256210934
0.9135574600441787,72.13269319558954,8.170709074713397,11.219457873477998,42.09525593773036,6.297901117185134,97.6925046618423,muskmelon,5491.191599028247
20.24115943354186,102.3361761057607,33.42817071958355,30.392132054964787,18.70287738478944,6.107246586362498,69.3198326936887,pigeonpeas,2657.8176952111185
126.42709143435216,24.56087937705357,24.225170346430296,22.860041251508445,94.29638592743242,6.971273985218808,166.63289691464155,apple,2846.7567097959313
53.92276788815567,52.81974861219852,179.92115890063317,27.73534611621183,58.41421340364265,8.152658684981958,181.19391824214313,blackgram,2975.093868542692
22.950440933448384,108.03349847212492,65.24625895878164,24.21868530816262,65.55102661437547,4.5961498282639335,226.17531357569862,mango,3815.8420438208873
18.007368461486887,67.40902465832585,168.0709247711123,39.12615659749119,58.66820093437822,7.116208159846079,206.17214434478976,rice,7768.294820862291
124.8548295969258,32.50178413119002,127.76918900154486,11.070117460198752,47.67219056574011,8.065259068808142,203.31966262427673,papaya,5748.204016439648
52.92349292081628,19.412460258040063,148.8045640867202,25.636107887694575,74.9538443817263,5.093238558699985,110.19382756054841,coffee,4005.292023560688
47.746702196287295,117.4626402925247,184.4596991499477,26.13764104725746,53.17314578885294,3.6972775596759697,264.4188058487364,pomegranate,2078.0612805552364
41.10853484638239,60.94379162692151,175.4860835138238,25.51042560378972,72.38547243179784,6.008593537756564,93.28231226631304,blackgram,7727.840964297388
91.31696083212783,106.79836756346985,5.143371741315956,40.78987005318554,28.149182025781865,4.994914779023099,93.2456179028898,pomegranate,2226.9208193122117
138.0889892121827,49.130343232820046,28.060218067809867,11.744694141111816,75.87355721961758,8.969239449808903,91.43273926335462,pigeonpeas,2125.45707401141
7.912196711546027,19.47529112820581,91.30162396952848,16.04714298015714,58.371345553186416,5.122360020846019,281.46936970661943,mungbean,7435.6638075575875
88.34478459968685,138.45320502937258,113.19724710561674,33.03434788782355,61.87897846729273,8.970339958988664,278.4241002981242,banana,3105.319395778156
78.49722739259522,18.30791515655902,45.0938095532718,22.471301834855602,31.733433567552982,9.109987141047792,64.00357918442927,mango,4733.964929318552
126.81902689383138,122.39688898347103,99.21674589678506,22.390212631904856,34.34484156815461,8.171956637727767,56.62477629768603,pigeonpeas,6081.426523062699
86.03574255098417,121.50274352207657,103.80233411986113,12.146159678306864,15.173026741885772,5.440605098998984,214.04135107638632,grapes,6741.559423650163
71.72205052816531,23.93376677451019,119.19831426519569,22.27589135689441,70.88451222872669,9.14418102248614,133.81017846899033,blackgram,3739.2840772031577
1.2881256675531239,92.81617608903696,68.27508147753657,42.0600648999418,30.659666366761616,5.713302849981401,119.47984210234623,pomegranate,2050.708976374763
108.70816338419336,109.88209524471444,70.75485749851815,29.380102923089765,88.92876293323351,3.598863537491699,141.1341512024395,blackgram,3345.6405094514316
58.23854511653383,109.53393507012917,23.76437447908863,25.940436609637867,62.5207520946921,6.662608662731548,223.46076435143618,cotton,4302.747535441084
44.324340875837805,61.021738201155856,35.099099614517115,25.624952604124424,82.94126272549758,6.325817666424941,156.39057409969934,papaya,7092.605511687885
68.66361719276986,41.07739074648515,181.98534936899333,28.195714059169543,33.01869446951963,5.222366416883267,243.27099872427635,mothbeans,2264.873372524733
43.33830221183028,45.92242651767725,167.21744924005168,11.065145069566116,83.28808259767256,7.782775374074515,223.6187256382649,coconut,4593.279125510141
0.3286463414434415,39.271982220241625,141.11661858375345,12.244271267569784,23.783528457191252,6.130147891429781,200.09869673308697,mungbean,6272.431953487583
11.142340632085943,136.6555847523762,57.133276512420345,37.86712741630534,88.26026473980237,8.444144587280284,66.93574264941448,coffee,6930.808755525202
45.37892433659149,141.83921267992469,12.470587287110986,23.578733230129792,23.72969063996603,5.7488253872518955,297.5058412693161,pigeonpeas,7333.055070431191
89.74084802489817,131.17628909151887,37.78405240938898,21.34930834660932,26.114699939774074,7.499640130610125,222.62600163782963,apple,7591.476395584736
133.0295688211602,13.856774054894473,125.60277267291764,9.99964517701655,90.86458014752725,6.890777965248347,206.07884151205732,maize,6989.443555462715
5.402818671338738,128.0433604277993,67.9866454917865,12.514261777450784,54.287666389489445,7.32915888445452,28.609827751457814,banana,3649.373949542526
125.3140040692742,142.5713376090997,132.4095107007255,13.657319282460714,91.90304753994029,6.803986068480388,62.74230876461123,coconut,7530.3600167099685
2.5720316353346173,42.87304922405852,165.9451967482862,29.54218358833517,78.82513169343171,6.362167941080225,106.10472364686974,jute,4896.860559970222
109.75335253369774,68.45664815362035,163.43798765504903,37.35176286693199,70.31071461044638,4.961925454773889,96.17527494718222,grapes,3889.046932452412
134.55655752302962,92.83551774421849,56.910086654616514,18.233685834670915,74.65637125808973,8.206794200909993,104.37195243734622,lentil,4072.063867557981
129.160136686812,84.58610830195474,77.74510422713685,34.47885042233573,36.13342942254053,7.9384629570964504,31.039715705084728,orange,7036.448225655632
118.02517256987845,60.83501376936803,109.42529868643537,22.053960830184884,39.84203324240694,8.640885764013621,95.61671549721513,kidneybeans,6337.660546336682
69.70168527200468,122.85321926403465,165.27041165404972,22.36766874719248,33.78726629974285,6.098925648382535,249.6884304655112,pomegranate,3365.795214916354
115.03090674321014,13.327222835174537,127.1815044316793,21.237237435557727,82.27502634672844,9.096253146857464,256.57904716963526,blackgram,6663.225484105113
113.66455009956434,79.68698662688098,15.551322966418164,23.99285974643871,95.02558086457942,9.182299838307538,48.429470117198264,muskmelon,6464.760114286221
99.053194656926,9.36448727566897,179.03933809844844,12.85283851896563,24.94882157221835,4.624302706998941,286.9540476607945,pigeonpeas,6159.016161523076
108.33210479966475,55.170754992095986,41.63964902532697,30.49707815664024,42.188323702344825,9.004470521534675,54.09059789388583,grapes,4600.782198398742
23.766189748999018,140.1914444672977,7.971224501500758,24.839399213589598,42.6696340780244,6.374389849153605,178.64475295665935,muskmelon,4613.534948076254
100.16106845871566,14.684386670758405,71.24166046570433,17.88745543173376,61.743736761953315,8.174664096126307,168.13964884569577,maize,7586.155957850406
108.87525267848498,108.43219365754655,183.59291834096547,23.678027407269614,59.62069409901013,6.160955606922074,256.40478356531816,orange,3378.2138921728065
120.77452281240161,67.0648449081778,122.17261010558431,42.16274163653816,59.7781752909423,9.294059701606976,43.08477467123183,coffee,3146.311212252097
34.65903113984985,118.0283869680516,157.59858725793882,21.51545715078374,96.07813357487879,9.328115301341091,287.51960825320265,rice,4567.488141126712
103.92343437472141,112.85765018961013,104.9236823997524,18.682508554510072,97.74186205531043,7.745520710121554,133.49003037827106,kidneybeans,3682.7793452279147
43.78650183905423,120.7529957893446,123.9906977561621,35.786267661672525,99.08329485420765,7.846613412758764,293.81618794853705,mungbean,2173.0179615302322
36.72269039382154,122.44430587760843,11.464653065218062,26.20640275063378,62.773068847784074,7.091367338700519,152.1325865228651,grapes,6743.617788618532
8.8950011393486,60.474628554296835,197.7635322376361,26.86433060575422,38.75763728679664,4.269734164023084,215.58087857046547,coffee,5869.136260578361
77.15978706726274,104.21531739166672,27.88763270336962,18.69014681307548,81.18809802532529,5.841884386646883,87.16548444713109,mothbeans,6033.203981390673
14.440546522970548,137.02289935040307,164.0145762362328,14.343758944304318,75.232684663042,5.9637358248803665,131.8379205052166,kidneybeans,6699.740554633198
67.2126199136065,73.79701688057358,149.39539235970616,40.820957922718776,21.847642684238135,3.6248169447073293,243.98593230977457,jute,2649.0163253045557
114.24469032228957,117.3585047412279,102.27832561777876,18.445773140171617,68.8759744184949,5.34417366897538,85.61020462999194,rice,6383.08792415796
7.896190086510666,126.5615825425859,63.94296937129375,8.063421185423808,33.24835540085288,5.678822912636278,295.4941551200785,jute,5141.24956314249
131.05758001561884,77.82243122341539,77.96361926157138,38.56870102682268,47.96916326721679,5.644054847729253,77.62454126882648,orange,4266.780943456469
106.08289223032112,86.53613508151157,142.79999699771366,27.84543138970603,72.78894856908073,3.5181897834494236,278.7896841352574,apple,2665.521385248839
92.97037696797678,40.71221113899574,30.406715194646345,10.048781002801753,40.265560874676616,4.509030571500211,68.37490454848253,pomegranate,6564.555850321701
125.73733685980302,107.42460767272557,78.39962945364415,11.714389649771585,73.22347449473753,9.763386120562977,221.99603357825958,pigeonpeas,7572.376215664013
22.836054516335025,39.888527882780224,73.37312035247007,13.889115551830145,64.02201460987858,9.74288335446369,231.6855556952521,coffee,4540.320494404771
28.41909828676761,68.2616662513189,164.38950080312918,28.664913608776196,22.334890127761557,7.007337582266464,215.36124720250515,cotton,6756.220434684508
6.881368021459453,5.743983681680687,70.61393689713155,31.113539337031103,76.81558274783417,6.400874773643029,210.24336482656415,kidneybeans,4159.484217292181
82.72206921639619,132.8488346539841,164.56047444172154,40.25102076757857,98.15151315621134,3.568288812839442,193.12207483293875,pigeonpeas,4477.036386553438
35.25405828127844,142.34412847611065,127.74159390874945,35.77380907800908,21.361561542758075,4.674130462456736,230.83622110350848,apple,2131.9191322359416
44.78314073348687,88.53210487959262,125.96035236879277,24.804418015497323,84.1472365100585,3.9014218970525363,246.7055988312778,mango,4968.525442614222
123.99826789566687,95.89202913573489,37.70913736482785,9.177740318965931,26.135429756607838,7.396306945154519,69.84435340229348,pomegranate,3354.578449250169
122.29778067179242,51.112929384790476,122.55908101327444,37.65538609374229,51.9495929605059,3.614930328000966,40.713908385581945,mungbean,5062.35632809224
61.17368055171768,114.83511261588534,23.659571095348703,26.230591282221003,85.92904426428541,8.813232403645257,285.80493406317856,pomegranate,6189.635561183279
115.9942363414112,115.35852914391614,56.80702882066943,32.80368519879274,32.47749615254983,3.758113030729683,75.91595884012489,papaya,3071.773260525797
106.1623664094726,116.10853799578133,128.2921756457595,42.50729306395062,69.03624911985305,9.005621032958107,282.9281316549857,coconut,7579.151003003366
121.37174599627173,109.54406309174237,176.55310967448844,25.324397814936134,25.260087682902864,7.955817191176144,77.28851082253472,chickpea,4647.378014550301
115.54317633921754,22.631689746650082,185.61950140986193,38.2480710791545,53.954117741775164,8.26395650754554,192.2057305214466,jute,6818.453854026469
79.28146012137223,60.776065325319415,61.919158907183686,13.949643455617306,42.839088497946086,7.390939845326988,180.06828862725644,grapes,2981.744001261403
25.171693889310557,70.48615233406113,198.6145005819357,34.35451675637148,83.75998393360537,3.710083192443137,150.06493061229645,grapes,5879.726801945332
134.72241764439872,121.77941247330192,102.94080637157101,34.68998894770435,85.6704757011231,5.727372564407803,268.01851088984915,watermelon,4822.83991806294
32.67547772413778,68.47188478458202,108.4241776226661,34.72636678649555,52.47058869329215,8.555133574627448,191.90027335863718,apple,2678.598436542935
66.64822773027956,101.49416279468323,126.54196164540092,26.83479736988097,54.318430389310755,5.380075987375273,97.10239975944693,rice,5001.388873554812
59.28143268597095,77.08985124049408,39.135487060446735,31.201718832059804,87.31833171361316,5.150812843436164,156.64095478124779,mungbean,7853.16397412541
83.30648828932657,17.62739802803421,126.20300049588863,11.137112065661627,96.4942474378487,8.080240973262793,239.10842110172638,grapes,6224.626164629821
50.09385915836534,43.564107419343834,166.4421992850835,20.844764347868157,41.262083397150136,8.939920596281667,255.26787954323592,mothbeans,4138.199826530339
119.10898864657247,64.35027490415328,18.294626041834313,8.055462556321903,59.00315180845357,5.702083157570277,297.20266657602576,cotton,6634.465997763706
124.28141570506492,49.54624712389442,38.19744432077527,34.106229277291874,46.53155485672708,6.528304970438121,195.25056929440188,cotton,7447.236061611444
18.247701299670066,48.29753560995735,28.37575211818781,42.50504541438281,40.54240777305976,4.3340732588949,75.34488296617225,mothbeans,5526.219370048859
37.274397915160485,74.60833649791743,88.98773706964764,14.71426401103537,42.708082406994414,8.15732076839019,206.05347173714222,blackgram,2430.887502583494
7.42642336758397,81.00969447396982,57.01254960843813,28.56915446459366,36.47424205091756,9.803731005605318,106.10443507625385,jute,3451.763814046976
94.29235015441627,21.101531155933696,143.96414597434415,23.454155110794062,95.26869155780251,4.406312643954555,198.70768264677517,papaya,4291.880272777676
28.52864478674892,109.00583397378047,142.12061330897487,34.561109754915634,59.81096854138815,7.587847566395006,285.02298236072295,rice,2606.5315650452894
41.290359012541,7.137077550444166,49.02584883950533,17.867790951961545,52.1495743133641,4.595055861845772,262.76471116028495,muskmelon,6229.4667963880165
91.01294315959039,96.51190669678685,196.24423472872553,8.105730497465643,35.32219068329942,9.43786546800202,279.13322848072266,coffee,6323.518516223824
19.142956382092933,111.96515524344605,8.607581900928892,40.69886546837264,21.43251839046242,8.615123802902133,269.8153983822849,mango,7646.8135091026825
136.91907932335283,144.20031800654826,116.12343093648059,13.954995906200526,41.18502036291703,6.216754129129825,105.99213437158598,rice,3683.8134792590945
93.1168249359062,101.71949060757387,162.39372968734844,12.072195745009132,44.97394517638607,9.696530737301543,276.5745617119686,pomegranate,7304.451777861109
99.76419702177505,101.32427265327738,68.86337600427481,16.82708407557658,96.2090167967358,9.40911685292755,147.13401755020405,banana,7077.163196926241
68.47876444022701,116.13806100150057,137.27207873226115,11.772728657793945,55.932017892117585,7.96493684979024,167.31089244199566,coconut,4350.053579213294
88.92197844095091,132.33775998120836,8.606401965046002,27.496665516728196,81.71200096323481,6.964546449288111,110.0429636173454,jute,2817.503390551867
133.82180605759274,107.77520137232636,137.33866033830063,36.593519058799174,24.971576326835592,8.99973004623201,185.36349446072612,kidneybeans,4011.974044753613
112.42637345462317,57.31104149221779,82.62429135369942,11.34915406203004,92.6542614290703,4.082632415650827,200.20215133069854,apple,4479.166872816786
138.9963155622576,83.82181204403282,76.3243597652104,18.08709428475136,36.10128923674149,7.750577696348685,136.58981716247268,watermelon,7792.464196211669
67.93930039542775,80.88466831360829,188.80765540573424,39.49683401741351,52.54183510973417,5.2562408424683635,129.30138080886542,cotton,4326.585971178498
27.811091375359478,44.29936394504316,204.86325363794256,17.380402518185907,42.276955193747014,7.719700019097609,101.72126264206292,kidneybeans,3294.82550635816
107.5789499564139,128.9021454366162,49.30543038047341,24.224174374062265,54.44786812259975,9.0908819568623,232.0581366994739,papaya,5078.463310208299
43.3554741638132,25.304582724984385,152.36102134419983,29.048544509362507,70.36899725844651,3.5554821750088386,277.8497303667752,muskmelon,2397.7411246793013
72.87287470981204,96.75364792488345,88.67260768575862,32.99536012372609,88.06597154439318,4.4899830283831115,145.530072343244,orange,4448.120547710487
11.132759861509827,73.32535139944498,35.96315097434705,20.93750911678825,42.32025690635554,6.210659694345653,178.91497979680886,muskmelon,7417.259882377975
133.05316520749304,139.16587610739415,24.5414550773517,8.524947513199784,27.854602000052314,9.87448181364639,70.03989341777094,watermelon,5015.285640332138
89.10002412539887,121.77562165728551,164.95254855904795,20.09114030138941,36.3265137700562,6.255158933961664,149.89309374565673,coconut,3440.5082116198632
75.95670072209045,141.98221490149973,167.00355560925266,27.44967011371811,95.4454639204149,6.731198816609965,266.6156104801904,rice,4148.868687174833
58.53829561593036,81.52759043205447,115.6980540397648,25.373962258697947,40.31608372815241,9.43412137466132,183.62693506309267,grapes,4446.43529714957
27.57350822922099,62.786164838835084,50.55566832356028,28.43503935578054,45.94584718276455,6.373035024593857,169.33307140592,jute,3221.2131348908288
133.46539708419937,72.91846708000688,199.75610019578576,8.286941239583676,91.29812223334581,9.459170892437445,287.1638201427293,apple,2078.459205047689
91.52703043305307,8.566176842914999,17.721799235300146,15.737760579270468,58.06982011197404,6.993776379307569,29.524592136594208,muskmelon,3022.203504689187
83.15168693207674,25.776237508070153,84.76828238939413,39.65405027809334,99.90533868597079,9.818172510919304,265.10551385975054,pomegranate,4367.960527699675
81.96803136410499,49.19150777752536,22.387912138450833,15.803250299521377,30.1730367172005,6.239323855613721,203.00289179247173,papaya,3582.836449678145
0.8293691635603317,57.66819786132775,17.632105632827862,39.97288383909344,49.7484193840067,6.440772959132225,117.25836563325765,pomegranate,5765.0369252105975
33.215610911999214,41.76870573125031,105.8842079430426,34.04173079300023,57.27685181773474,3.9338969332999207,221.15543472231468,mothbeans,6835.820772025723
92.97760349966906,64.72286614761506,182.82387114548857,37.5828945356259,59.187151854629235,7.925635493207005,265.5712168841449,maize,4974.302060469653
95.58182169134362,103.10621344156023,150.3340938516425,40.99109451696614,85.56843909844996,7.489698476973104,205.06889100148507,orange,3282.4415723667316
24.652500312139548,109.06660789919194,55.4139773700343,23.89586145587173,47.183912427905376,9.785295223268037,128.7236438732053,banana,2479.8948967805286
59.65613903630913,45.257483898929486,37.06409427338688,17.875445441264873,34.05964544890971,8.19807059843762,28.555499556046506,blackgram,5704.776487479328
14.537514055529861,22.30014868392867,25.205649298251704,29.339786843786595,30.897508106651003,5.109152973999766,68.25305607410024,kidneybeans,7747.0118266910185
29.87082952461597,58.90709508850634,152.92159380002744,22.617365205404596,77.35206126933176,4.226813062256241,244.07125551579867,pomegranate,3519.2448898541443
23.01497580597798,117.57529444855844,163.39220289334315,12.451341622591041,48.276093276394974,4.588976903324908,90.8122991271986,cotton,3579.4770489832663
5.187279117088988,79.93538284810327,145.9591199850591,19.87075863837618,23.551444082222304,5.28283490051622,234.50170432205226,coffee,4107.46299369997
44.73300325304662,27.89770537793454,92.16967190272165,23.829607930119863,15.385306795242979,4.2490884653204875,71.40943321884325,cotton,2681.5239042720495
135.04719978638252,76.29115536579091,130.51120477412928,20.473526748305986,41.819947501310565,3.6481393402560536,159.09275627793423,pigeonpeas,4901.654040509998
68.97440624354041,52.45915582262026,34.381781804585394,27.325628943985436,78.74226424363763,5.3047958571838185,80.82482973832887,coconut,5131.609784387461
17.207565555914297,33.4298830088087,85.39038492304391,37.60107074140171,43.77888036776202,7.689575638498963,217.18937395536838,maize,5517.094124530048
43.966160422470175,69.3439369493513,52.36258549075385,29.956097742528762,39.92800372047491,9.695334151856823,215.4194185155,kidneybeans,2820.3336582407946
91.04157637029107,51.0608021527126,83.29085415889423,17.17395402058788,43.50178449819887,6.128482563753876,220.27566720767132,apple,5069.217165408751
5.863255137428571,75.42956516848395,121.84495776634363,40.20689451259959,18.22763303144277,7.170397343585383,257.30912013077204,grapes,3451.5663687154192
2.666077298400855,107.54364807872216,191.6226442337306,31.001918157402176,51.75651498231852,3.787238505425395,275.7916401036908,maize,4821.777336149449
96.57494998602667,72.45721550067614,29.869063488482148,15.499513325859084,19.54619851920278,7.175478654134871,192.92419523205857,orange,5034.453790132666
109.74874188145559,120.38519994755019,149.72188755159027,37.14391282670179,31.271272515043194,6.39308017011073,212.33343262497914,blackgram,5824.354987610809
31.39617364117244,18.780859266298563,188.3613156149553,27.606016344857547,27.229029507637343,8.577994124079115,274.35052238294054,grapes,3017.3811114266546
81.91703252979745,67.0079737258749,11.835117808217483,19.18782217893552,83.69723056729266,7.914089823115959,221.51409729520677,watermelon,6188.701544501141
55.90566049481144,30.85994733978365,84.09600560633136,14.112752290937884,86.99604773872228,5.408447218403833,186.40088934401018,muskmelon,5017.058371994521
81.00194880301297,15.513110412743956,193.67145974197632,20.777928564954024,92.48224274153478,8.49533953764494,230.01156175933156,blackgram,5640.317478693392
89.32045293027474,93.0209941835815,115.74564627967224,42.524490646901114,76.97698879860987,8.472456885712136,262.5446625932614,watermelon,3293.838576355095
116.29654472772197,25.174554824615242,199.93568216142322,29.135586913916654,77.20853556017101,4.207095218995615,259.6649324195115,blackgram,7035.154057229231
70.31848104335424,106.00848423843415,6.18564306737563,28.735426438946078,86.87692760391434,5.784159277918431,50.104441102250874,apple,4525.263498459237
23.985436223612492,98.4642399016529,126.88905946545576,30.524324304559613,21.568518365984893,9.218621334389997,128.21605831291544,mungbean,3880.216438582148
135.01367862976528,21.036341942107523,67.87700821349169,36.35438997015999,36.88962120040118,4.876771821094662,249.45507784757413,muskmelon,7922.4941840358215
38.926824766667494,60.79923462400755,39.0260654767218,34.66605476117634,80.51876553275804,9.100774351247964,27.395512679844757,cotton,5371.888049758276
47.72362216892999,114.89378614011105,43.40673047229923,30.34196127033814,70.29269244522945,9.606201055374726,235.4947381310445,papaya,6821.810882922161
103.079185829679,84.9875339834308,18.350050970151383,12.0755933429649,65.2968136687799,5.2598668286312975,42.1413458716649,lentil,4577.616460691281
97.13835407811729,95.3558144037479,142.47449315156132,21.03846084809782,36.567072741084075,8.362216503557923,235.0739758253829,lentil,4733.698243801044
97.51100568676448,57.645850755281906,193.52194203173113,36.62946698770219,64.54172437969285,5.113964683643324,76.63343533119131,mango,4042.309026065295
13.522415549234513,138.24717225992575,163.1546127464068,21.08747543973743,62.40188454201218,3.8028769928730966,31.46133229173879,apple,3504.790010671776
61.046761716162294,93.20484085594134,73.11518748422374,18.54056569249059,63.72776161057818,6.688029914777474,181.11111062369474,orange,3719.963487722138
64.15965029407823,97.32239222018934,187.89153017618824,11.15397715269506,80.26140496823656,7.447628060003681,186.42113571470145,watermelon,3755.242570889419
38.15808483415607,127.0163952991377,101.99845691549991,18.6951760764739,58.51694846929137,5.944531321889721,176.8756959782128,pomegranate,2687.1972099580894
17.510951754285557,10.809902613999608,61.3019241544751,16.54817951274275,62.19026976571672,3.639128563607727,164.7186113151702,mungbean,4350.630452072019
118.45668597771565,108.00051814893538,47.34335569239314,13.085010341102532,41.2011419904037,9.746851750604188,91.3991777296423,coffee,4736.763253679799
68.57592847654115,77.44055837381484,91.47119842935294,42.70948113564969,93.77027599843763,5.469434811931974,51.02311108513348,chickpea,7038.588344231617
80.57693109635446,138.08315523035742,176.82607195024667,15.992446496259667,32.929445381648065,4.787506989528965,276.45469317209586,blackgram,7115.996918610324
70.61329860182735,70.0064442713214,55.67962151187453,25.675981615206844,16.622703115336883,4.343586390383739,266.4719077349671,apple,6510.07860218854
14.963941368468479,97.41664641946437,172.21585503336766,33.14565484558456,59.00023211272453,3.788741623049341,279.49659999349865,pigeonpeas,6232.937291471808
65.77836089771449,51.31101879987179,155.9880400316658,19.527373348748412,25.887959463538998,6.053858893109146,292.4162123135017,mothbeans,3355.2884776014553
53.04419264656474,9.86026130574524,25.414984953219584,29.049375270126397,89.14867661995379,4.2668784557393105,145.40282191577916,jute,7465.273428838663
52.94748893395066,85.69677720350867,163.40062522603918,19.35097823564532,75.59015028327457,4.366680638834099,100.97966172313046,coffee,2868.2638168191197
60.592218571684455,74.03073937026036,58.12189153328297,32.65235347652455,83.03784774573528,5.02899005227249,31.626411412637374,rice,5743.333658977823
138.0388201038923,136.2870383045514,177.43059165862437,39.11956874967004,54.23502976311569,7.707643693935775,268.82854897626754,mango,4357.704589948118
100.68492336727715,86.89898270481505,142.852327093191,40.868822725644115,35.49989122924953,6.924771249109792,211.7110292821134,grapes,6075.482007945648
108.72495757149468,82.31111922433851,137.19476412993515,19.301537400226536,55.389559857174035,7.451067206323629,132.56520636701663,pomegranate,3190.235239086208
4.390619632642377,28.837679198003197,131.58677609420894,22.695463012379495,57.70208597940302,3.9030170158956827,251.88959627808683,pigeonpeas,6707.033613777304
69.60153422360203,23.87000988844133,104.21509570010623,13.918636514722802,24.847677621435803,9.468932590983474,188.17610365506178,pomegranate,5956.940348747506
77.96951433462891,20.151730547176804,191.66207606966773,19.672932378200336,32.831430931098915,6.67791880705172,97.00539353041106,pigeonpeas,5209.424518295866
37.934849101970734,44.98772395570079,59.181844649374234,37.939285673650076,16.74209238793892,3.9870399294769556,96.14833403511324,blackgram,3199.237847896662
111.712046495462,83.83772314488657,6.154132258593599,23.026296799646836,49.078103709130865,4.229249724445078,207.96741723120508,muskmelon,6212.583130276947
31.764028072412277,48.51621414384925,201.8481433603298,37.11153492807864,54.40273297835382,7.049420067494335,254.40346194148964,coconut,4885.881476277968
13.060233861075591,108.42892404860368,196.9833379284182,31.749156949635623,63.068280797716156,9.55202993759358,143.13651984217321,mothbeans,5595.761397862872
71.70954235343986,61.611020197360666,37.39343688058807,32.52862869235378,93.70537698346348,5.9024150649556475,87.1606301864917,apple,5329.201501994942
9.004691247101693,61.33187553579241,9.691804344230889,19.529583008105504,60.170666745471785,9.329087555263673,255.342101645382,rice,2764.998360031914
82.49742742593338,79.49651614422957,58.27552828600477,39.48085795938423,93.7535112136936,6.076713205377041,267.5041108775586,pomegranate,4303.693365577836
16.847661634027283,18.795217403483697,156.49250466813774,15.823473780552899,18.787862086041898,8.604111402853672,62.829139495260144,lentil,5750.876550400124
58.027337095610385,7.0732405585675195,173.20899650251206,25.972428646965003,25.967760938084716,5.016674037689502,144.5371034145104,jute,3133.2162968932917
27.913314661487778,48.07171222988711,13.46689850366067,30.173735276565957,35.37407397772999,5.446593628706976,234.2864370226813,pigeonpeas,3963.3270989687235
49.9712217127389,143.5327943301214,57.514474287191405,16.918114311109345,80.414288160175,6.28180683552694,111.96100854913001,cotton,3071.9768320346175
6.26520074967334,46.50170146911561,61.02682375507595,13.110591695723787,38.86932983165411,5.482498010514582,165.08388041583896,orange,5982.226873557536
100.72583238387337,52.063147401141194,63.05673546295207,26.94158195499585,16.039606986297994,4.010650391257602,136.19553311705454,watermelon,7657.476268350539
114.21487325681535,135.87185575428992,173.18476875469202,30.528773258500756,66.40011983025963,6.491086645322316,194.16300791187055,apple,6771.2995191822965
76.83784578308634,80.36569208138769,118.01475829602106,41.20467213837133,91.5931235862759,9.104589033977213,242.79387343259836,grapes,7660.568643591712
3.6937065207753683,115.76760269185776,56.729972431860105,19.922927705055475,19.511274533949695,4.648801667163844,232.83813947566628,kidneybeans,4961.184981395725
23.06276124428137,54.18983085168975,57.97325156271428,20.24515929778675,74.91586822070545,5.854221959313927,174.36320368500736,coffee,2599.591262326458
132.65473910268233,54.81842757429588,54.97524203309553,29.567608870294873,56.903062619233765,9.830787679134614,148.53657599306987,orange,2445.9893081620753
105.70954857842752,34.123438782654844,72.5421549448449,36.33859903308256,73.82827903651915,8.401019473380636,142.6539064151952,apple,6298.857575853001
29.5768083713475,93.57478487779039,200.20278511975883,18.871033998836538,53.64338493027841,7.813608774847063,170.53874643005162,pigeonpeas,7060.5667742542955
8.161608540729986,144.77897274932837,155.48049074389345,38.23661607029396,70.00300324019979,8.980224819499279,51.24246703018122,chickpea,4086.4270133558935
41.38431885059098,103.75077672553547,107.6431483559104,28.50641611734649,29.446351539148047,8.204148468340293,72.43650429385144,rice,2680.8418257646345
99.30159916847313,12.005017100865942,18.879062988108416,36.09377069470716,83.57681215763056,5.06995018917812,191.0334403784566,mothbeans,4659.080450867958
26.848284161113938,12.009033793061208,179.72676452694003,10.644407281696935,35.21520495798377,7.950041277596061,133.82652666039195,mungbean,7257.883819493053
4.126689297422672,29.956649408428287,202.28954520534728,33.02767285822215,66.85913623868717,3.8010499418543864,264.3926422422442,kidneybeans,6876.541119782957
64.6996662577861,81.88016213380317,194.8224913776494,42.951606170753465,34.245023400371295,8.152671176613218,125.09263530082825,grapes,2048.6491813172793
64.4792410587158,73.36688782060685,9.513939314688532,32.04245958710059,39.28429141916597,7.083315849830076,103.65550233998641,coffee,3002.8058892158433
13.44097251086138,46.59347068423135,15.854237077874718,28.88206863249994,21.47021008681172,7.99096725802301,34.63450731035079,coffee,2355.853368806581
65.49233768522748,14.922038091682301,124.63648910840048,17.25415042753759,59.375703288128875,6.811750460059464,276.97050824187653,mungbean,5294.499335412337
137.78707484059888,9.247494554564552,204.71963358730864,29.82697415014606,62.0488015352643,3.880879632409436,95.9854277131176,orange,7547.976129749574
98.15975839370077,45.69001570291435,64.49853399853365,18.372182690820324,76.39886929015555,4.9708866674722305,20.251822198413084,banana,6291.421120895799
54.013753046300515,104.99016116002393,18.90175428971725,42.02583183092416,15.227820424981584,7.348427675751368,176.41186165113396,watermelon,2808.2943852183544
44.617616019955626,67.79595691158431,130.2489645526066,13.123057330613872,30.2479639837859,9.000381330134726,91.23886884116217,watermelon,4281.169987851065
42.683110034768994,143.62461110830057,20.170311456470987,31.162674983508232,52.54760924924365,6.358252167082598,147.2254812573242,jute,3552.0906428085705
101.02071365190376,44.53559541481578,172.06129217169004,19.08957302776155,76.35800866284264,4.274398512077225,66.8990566994413,coconut,3894.773867049507
114.12523247578447,142.03984212495286,181.05035465633742,17.797806539216733,23.112208375588104,4.2183428607461675,100.96008256476075,banana,5685.102343907236
105.41742642145636,19.89154329393412,21.4698287928571,8.094542589195722,51.20371403229574,6.720888965765212,197.27060482930818,grapes,3776.383044275515
48.786916611391746,30.08515444754516,134.41403325177478,24.2495329263519,56.597317636316156,6.237227443414151,285.7734795152656,muskmelon,3288.4107507293793
13.306504212635984,138.07482643394334,201.08287204656136,27.09098433873722,95.70594735351293,4.64844952051746,27.06695047990792,pigeonpeas,2236.4572117423395
22.443265532179637,81.23438100663112,111.46205267598212,10.655507442841664,74.04652900052466,7.492142020165458,72.54680460352623,chickpea,4816.6091729242635
38.65205238849672,35.44266876107804,55.8355428611315,25.17266247692544,97.08458905490747,8.826322825991863,99.12165354772924,apple,4180.239250988587
124.71537841148786,18.224739612152163,202.77514242750865,41.217428777589745,20.731605342769324,9.473845250877151,120.9508600921305,grapes,7068.255002455175
2.9304841288902916,89.57618749733292,139.14061482917876,29.08840615438387,20.133777089502033,3.9430728047720427,78.48746214936648,apple,3741.7670941934875
22.314637204848957,11.1729102956545,83.79750154261103,22.57372595496721,52.77803108425007,8.792182681772598,47.2455053341218,mango,6223.652494531772
43.39721910096579,135.5560376520372,54.69370488334841,30.488614236877822,37.66098713434392,6.745720848898465,238.58942414176525,papaya,7290.335141097564
10.118039261589209,101.69814552988323,111.80554607694354,21.270630239298022,43.263648472126654,7.473328849754834,267.69671415110565,cotton,4977.055556606691
56.301893458155455,19.335224791044716,17.30114729172771,9.796702996328715,46.692912208359616,5.658321605349389,219.58649256707432,muskmelon,6456.929009509195
21.930632970908693,138.40744389889136,86.08079217018482,19.80269684685791,15.221385430685764,4.48187250822968,137.07576803541485,pomegranate,2411.0167554313643
63.70216138502269,112.40353964820928,136.96054028006333,23.608155686220083,33.32082020903614,8.15192682251396,216.78566476026876,coffee,2919.7769630923244
48.036172298381324,38.8668081628461,84.70040576079607,8.67105187624644,80.43481476428299,4.5940473188325495,32.20548258931716,jute,5922.192157430475
115.89600498926697,8.164621510291727,53.76854599322107,13.340097850583257,87.89025733005496,6.492280638040101,132.3731722023141,pigeonpeas,4696.896572606479
119.03743520702938,103.89162805904306,63.095791844650925,13.781054983145673,93.24329209610299,6.2076833458974905,97.49411225227891,rice,4825.524958505813
54.18942387478105,83.76973961473392,165.59326022171336,22.949638586693695,34.08459496566768,9.864964789651413,285.92669837170035,grapes,7060.8750147530845
14.801438460358883,98.07308620123423,62.236174159581466,14.962088480802866,94.52631997294874,3.6185572911741177,141.70208158530016,maize,2129.7619547707627
93.50942630345185,18.085511166622098,106.57002862749627,13.678244184920214,49.806056896493125,8.831085278070002,294.4326594171968,orange,3907.758989957706
40.22624665187092,27.665385407330177,54.859070000922266,15.871037307893612,58.67259562964643,7.101208037060669,282.69538298837824,pigeonpeas,3173.423882609138
114.4162976582532,83.43380492962736,56.00073050021514,17.18925805070001,17.37576256410599,5.4548430499102825,226.99982276293966,chickpea,2285.106543242662
98.87254979444947,114.57121879520273,96.06368201238568,32.43260184675271,47.36388650432071,4.523444768154416,130.68555919936802,rice,5479.806921218857
71.85340009350429,87.20507793899755,100.29787947076525,19.399756728044963,76.06177480564929,3.977834525729434,274.2144227916251,muskmelon,2123.86063727476
63.08154899425644,44.973510040147545,64.60850455827118,21.408550175670456,85.85908105695219,9.690164523572918,141.9461960154041,chickpea,4360.117032486571
107.40510597651262,33.96826622845637,185.0469714864219,26.30435302870414,23.847532896332403,6.065409508182265,77.47942569139374,papaya,3198.1125570090753
100.18897707808674,117.007617113192,74.22144815647901,14.041318951579608,14.226365379844584,6.385783379796148,117.97629936779796,cotton,5329.459002952453
30.50662577415389,95.67380037967659,89.35099605683922,13.138057111389873,55.19347829298069,3.611555491213094,224.0229131100869,papaya,2441.4877669381453
111.02144306758392,23.570142423555176,108.72773813320251,35.26736300258143,36.41447710910212,4.542666195210362,113.635712848953,banana,5328.195059499894
18.32268668407618,69.05963867435604,58.65643910789757,37.470847632273276,40.96746135750665,8.867708957016703,139.1409623032982,mothbeans,6359.5145949587195
2.5698014130798508,48.64887055270307,132.56443585188202,8.327073372018546,16.836017156703033,8.952083087810454,210.15891155039594,banana,3592.2183987220637
48.882454119204965,98.844748757416,133.48531460171546,40.58567465578965,86.3618134981801,7.643660312007988,114.93897677016412,pomegranate,6677.458693167618
31.030624046458282,42.72860701867087,53.54299735971664,42.70855684910874,30.97672110082666,7.183329388583194,277.2235703806361,chickpea,2881.3794132666753
91.98912555461236,107.52258691072522,76.08108135246711,36.71737556302493,17.844796102022126,8.334759043980977,94.2459996950464,mango,4861.026649148429
47.432163789795815,29.587705179520324,89.27538824277099,35.784256925201575,53.977083118548485,6.940147841299511,296.6543160356337,orange,4394.655797344556
51.13418822615206,59.98999048601869,144.12815068908162,40.82604416332092,60.64286974233964,8.41775954527219,44.79942335111594,kidneybeans,3266.9482245915615
2.801641308028471,40.39969702675823,108.48025796499323,8.523641938970524,36.75098061543959,6.789797244645564,179.3354909387863,rice,7554.510158331833
58.063012354199124,135.2491647986295,161.97659667755886,15.000312238946165,25.2524430759985,7.825194468753491,175.6475200304015,pigeonpeas,6738.041682756534
87.52961474005211,143.09350402804492,111.71794602208173,11.958701477560194,85.23152657417499,5.111861519012537,236.0899971840093,mungbean,7742.6425760003085
83.44422253297215,69.45406459450568,77.88197319908065,20.355166284014267,68.7280526910248,8.308147948401574,208.6277453166672,mungbean,3190.460607161376
137.1980550201953,128.50334142594465,119.97389903161417,21.930225312633524,45.33722267202151,3.577598400561567,89.27051023337789,coconut,6312.849409694987
139.37230280264546,21.639360986673207,7.98999422084778,39.15066154020677,35.066001719472226,8.170077615659014,245.46227423111526,pigeonpeas,7153.918346192701
41.16555940559987,104.43406786981627,28.079971656165643,22.23832519748973,86.92556562488276,5.853011494778293,184.3245157889007,watermelon,5022.640662347804
126.55720126781772,78.85892098995278,152.18039717370496,37.34753466551011,95.66446201055432,9.063858226705893,154.36058273784772,mungbean,4015.821844283069
56.04500754821919,56.30910108256288,116.91496839117467,31.29282930650247,98.13599097427408,8.161671591044687,198.96209201913268,mothbeans,4010.5546056100557
127.51170754684149,29.441757854690437,62.2120103318571,26.089286870707472,36.64927123383482,4.843133934586375,186.54961237856517,mungbean,2533.5771365301434
100.89302363110072,82.67294615835272,89.57529369335577,27.801304747860385,45.42882768018153,9.491336546765524,35.26355967319526,banana,6040.348874179012
25.254246635479802,82.35048667661614,48.09388654984225,15.012279800694207,99.18574383720835,8.63118346781287,228.02095603071635,cotton,6764.363755296529
100.48647627427232,100.1745375307958,171.1844981643701,9.455858468976432,15.987517488230129,5.887245439222789,61.363142910064504,grapes,5350.306865421331
134.88779901186416,132.438047975553,131.10422844963466,28.29376205850261,45.8276780860175,3.6173656896681594,55.4792457740954,mothbeans,6525.387940097292
36.95451957846194,137.69716597857996,78.42656706205301,39.768868082670366,40.1986815772476,6.976608603949829,25.692629174691014,maize,5131.250662241462
81.05120466874997,95.60348808713798,142.3772156763513,35.17411627077361,40.77517489192982,7.133772521164021,292.8789702745573,chickpea,7388.865023990943
110.16993482553264,91.7857132464487,21.547016612448218,36.83931362049729,72.23070976673336,4.773071100897708,42.16731896539025,muskmelon,7022.132783889984
40.509337431114474,40.49014225480824,71.17741753875886,17.442862026232746,57.98353094193651,6.316950062234448,162.45513728271047,grapes,6036.2816690026175
49.502760434024594,116.60171481421645,93.57003949504214,19.14642989608069,76.19773344007598,8.630276330323476,240.09709458842747,muskmelon,7866.046484772246
79.89655262075871,72.79726773536157,114.99579727677285,25.21267214182838,62.62924748237331,8.079238109575225,50.476638044156246,papaya,6497.754512894142
47.15096555149495,84.49593556412424,171.3196592882153,40.63721229221879,78.50794750541296,8.894882497131583,150.68667644952149,pigeonpeas,4338.651917733725
133.08564846400463,93.79537148321523,75.78113344236341,29.116394797560943,40.83211232532673,9.322871301325186,261.97132874342265,coffee,5349.390501677966
41.074554581616965,9.678519258708324,168.16417020505904,23.76341245636528,41.96143184242274,6.5151062719856245,247.60916134639325,muskmelon,2747.685246245127
20.63778970875767,104.14378905697991,92.09310501439569,16.75862138420279,73.07669858733647,8.253028599401098,70.01117660828518,orange,7486.6680923372505
121.19813892536051,9.495341267488156,133.77358551102526,34.703210747904635,79.3158449501944,9.170873389411362,222.67138050659935,coconut,7566.860369886178
70.44931834521603,6.971152859604695,6.3915174606582426,16.4044317158032,22.669418953961333,5.165352754788823,69.21803587889448,maize,2171.1201490318895
82.82390520834355,6.6887524951361055,11.858335662108473,32.58184519356516,38.001321709010384,7.208030255026872,76.23305634320596,blackgram,3621.493250370285
136.5797248698515,91.27786848928682,192.22962090260464,41.57829490354316,31.89745969216364,5.491639055801245,234.05785417879974,orange,7200.584013748064
129.07378821858504,24.707864087969867,49.97936114608145,27.534695534487525,79.71199801831641,7.463848357992314,84.53322775844342,mothbeans,2005.658255164942
137.92902562755313,118.38783684285266,97.04132363132307,39.63185414896873,49.2468998881781,6.8595781391581925,152.64207533599995,coconut,4685.74323599315
114.96802846899364,133.06554618731437,112.3846522840234,33.47174141795304,24.445970298012963,7.394621716974326,215.37590394304118,apple,4716.608777068404
95.36929609501684,110.30168491607324,105.71537926771829,39.29191118213603,94.52547679224759,8.667174014671932,196.69498799827605,apple,3822.325721547132
18.060584503256244,78.23821580687141,131.6057810815485,28.24010153106913,36.29465164356323,9.316473798200299,25.88591711843521,coffee,4088.080122580958
107.37004968888232,63.25659622046039,8.381962651273419,29.631528769330806,19.42614258175655,4.190276967382493,200.7697000616408,muskmelon,3874.9299568571287
118.5816849544717,120.907688700869,81.56484159270076,28.61915575930828,75.99020321684274,5.043723357619347,66.74322187873969,mango,7832.575959273866
68.42911435215325,62.11921071474133,47.25700751398755,24.887695698373967,43.33483338701139,6.966210961909395,207.70265751223144,maize,5799.873046619663
36.80329827850564,10.00477522522105,145.88472429549734,25.224082998005155,22.104903710789202,4.598841556022344,48.50460159531504,watermelon,5675.556849655259
105.59952662493025,7.871528704854764,54.87515759917842,39.173333656216755,75.79369335851317,3.9669973307244013,248.27305704687998,jute,4958.210729241229
2.1787564762202405,95.43499674988257,91.96030675396555,15.02683551707673,23.250279692257333,6.316817257896489,54.279013879356086,watermelon,4918.6796701462845
95.01092120560133,14.127967338861065,66.48650650956745,18.079251277637514,92.69278841851325,9.053805084113687,122.90112130141591,cotton,2426.9315352954864
72.699211535338,125.11327235632709,83.27561867274939,39.104262517467944,34.6595363100169,5.293385004739655,34.76753352732231,papaya,6773.491019253697
36.071983218761716,56.27376535870611,91.8373183926939,12.589242333077495,53.16131557228904,8.687005549245395,250.2005528797396,jute,4469.382631406183
128.1667633705664,22.58577849284229,88.6893579432456,20.059666779575636,56.84096194159876,6.428843997089121,164.25128979900063,coffee,2839.5138633619645
66.58688600315625,64.41548098479501,177.07402745609613,26.974812825715833,73.3086738047004,6.503669101078209,142.22429406844785,lentil,4677.7200108461075
65.87010067255552,59.305794053242174,80.19198192813275,30.401707892551972,56.552314525001115,8.934446387126467,263.16715164282596,apple,3023.362268039111
26.265538396359457,8.030706362214708,109.00390925790475,31.79924920277665,21.374590378354974,6.4498929466858215,226.72877265100757,lentil,7914.8409260505505
34.27753711333288,105.31750956905994,124.585885363966,15.41297510035417,87.19553102288971,6.235388334256646,287.429788016087,coconut,6337.406044686668
23.407419636617572,8.984034858149148,130.87098852578768,42.15940917873575,42.48438805758844,4.259396500456015,178.56767645217357,apple,7438.1252665738775
70.32224047264388,28.283638029271533,146.07611192948346,18.205220086597574,38.333490851210485,5.025041769267636,263.2839319437031,mothbeans,7207.78668009295
76.38518501980109,103.95067061555402,163.0814951765976,14.780862655868372,36.510746737184036,6.780581921710697,111.90702517166052,jute,7163.0689195246705
111.94101017428042,86.28676646752953,159.6180283234224,19.643554528561335,85.50182948600676,5.257262819526538,171.81546862491484,chickpea,3284.0426790432452
47.09747660565769,106.66549889250457,106.9864990815297,12.541678172369252,78.50527387641387,4.13506493492913,253.25566872606134,mango,7588.533164517316
35.407652777880195,10.668295405962622,85.57791579132616,40.73262335598063,15.0117981155618,7.262468428350603,159.38822104950017,jute,7240.304986226285
37.94881861965092,47.59448360812185,107.89592842620611,32.97100761519154,93.6539029984588,4.0660005589472155,285.3146826994496,banana,7527.93780258088
63.18714152157362,58.787185889636845,91.46677997573306,42.274165296302485,21.622435828463946,9.402277566967872,153.50580634494543,mango,5742.453472997247
84.52174045491832,117.05752074911494,121.99834974038372,42.895763159659396,53.20451901551724,8.292495767065521,205.48529510425027,pomegranate,7948.590149348528
59.901732079418764,18.812032742593267,128.81861905422392,13.029206254160687,58.924100701144894,3.546207660823794,108.0137848587158,blackgram,6063.144342035932
114.92734876988624,114.55168114881613,113.83643084626016,13.402661946356512,35.5848377549936,8.226297421991077,244.09084197978984,maize,3675.5916682459383
10.86846393497132,104.88467277130997,5.715508920006269,9.628953242667382,14.373589829431733,7.630045333360747,136.03362150075193,mothbeans,3785.2805680599813
133.48101546609692,12.496251124974487,146.8544023339626,26.62388968429513,55.09742863255484,4.930363611237376,216.15562955786476,orange,3144.8569486778424
112.07211744378768,40.5316699578389,89.49575011228201,35.52921277277537,97.75348796575301,3.8816033560785206,245.86281732245538,coffee,3804.134405762661
122.14517325619546,104.68887899728391,120.99239610702222,11.115111229393788,73.6833213214777,4.565051419590015,238.61013329735204,cotton,3500.340551060919
109.2728806217449,45.15376746828815,85.48902768871851,33.8826209217129,97.29216589195504,6.415015492667953,250.60723145016817,mothbeans,7850.413535592302
68.33291643709663,134.83919710758673,109.19827772987142,25.065945331734632,63.73630283257016,7.9110703127228925,49.713578274194724,apple,6926.663166449096
87.16764383066872,96.38636583665755,158.87915536816044,13.48482535170217,77.77048370012116,7.336341709506678,36.0049785541776,chickpea,6664.6737695204665
0.2997287083665312,58.23376329787463,168.70851598110062,20.818855209946598,65.73317154865472,7.3804284631970045,121.4770345227928,rice,7426.843563687726
25.60935977898381,23.37016761043611,123.30190642699651,30.15498053464248,18.560216308563724,5.055212250424229,241.1384140995679,lentil,2297.747766461153
99.12332975970764,40.59049606933635,177.4168171680463,39.27052128816928,30.697131909195218,4.334916073928921,291.21818126777316,chickpea,7209.943781902208
69.59966492530819,118.30799602341833,99.10758695805497,41.21420704418586,86.88505335236539,5.6314511063257235,131.1894706343347,pigeonpeas,4539.960362135163
135.69487943515122,90.21579088449013,84.88033174822671,30.575343542204855,48.00483090555486,8.733892358268282,177.85978703337852,rice,2251.823020436402
21.55637816413607,116.12043960992972,162.040573582565,16.30611964713619,38.8253020300896,9.50312233894078,249.5366619822949,blackgram,6186.782198375143
89.98526795433656,80.08177121160611,59.947250259260194,24.791997522383223,78.1334950935423,4.813738717124215,101.42779758308069,muskmelon,4076.665922564691
118.56916393712697,57.694389501825526,64.32417236678364,39.1306365423087,99.94538416857037,7.7902632938355145,295.21461096699227,banana,5959.79766681146
60.61545657986749,25.17899295851532,169.55000295302463,40.587066081052,67.61567949769363,5.6993427740505505,62.81653845407382,mungbean,3590.93737823189
55.19615296940433,99.79147607315514,100.19633806984406,42.782058596877604,76.68558367800449,9.595944322779676,252.12153475576963,mungbean,7417.406066980227
64.28227825262759,40.25038346856381,79.06403509010444,8.708268142398266,59.06341240196138,6.732369921730616,166.01962922287572,pomegranate,7844.187349832383
72.8297764259561,102.44486251207852,193.42849645608092,14.269174945493429,22.8802576115031,3.833362604333766,141.21956004980018,mungbean,5738.8842040157415
112.8299414781502,23.509613194841958,147.78291681672687,23.240264511571244,39.33980566337504,3.820120453773993,155.45537777603536,watermelon,4132.620084347189
104.68365398983688,40.32676061785187,87.93962366102564,10.88197570838526,66.1612245663459,4.1638730530719625,252.38286385325543,coconut,6887.32272211998
45.05852892818484,39.50690734074307,6.801132852895049,16.241499595380702,25.844633930474135,7.417863812628132,66.29967362907676,grapes,5171.779025219716
64.75886316393193,89.19379118762234,162.94565236159247,15.53272258432326,19.669884484743477,6.903670469189153,37.27096426018662,grapes,6599.343766200519
63.41973411619494,76.80356435134033,147.6062912750208,17.572600304039746,24.456512059883313,7.058766945225354,110.89977926148151,jute,4654.947882008224
46.21565169973376,50.12164627640719,116.56053624182938,38.14502164641673,33.255933364559326,9.524052454671377,186.5549943799901,mungbean,7952.758828113657
60.5179802903436,62.78683018483111,157.84912417047602,28.389384296469792,20.106583099142615,9.209516900422921,28.557702422063958,kidneybeans,6490.378137258459
119.48729331370853,60.74169224186849,65.47672122248537,35.849733978319314,42.87764618124391,3.5203155083808206,286.76117936088025,mothbeans,5552.739418106111
115.54221872798004,14.297458852182594,39.17203987729296,18.88922382658766,41.58013851355376,7.7162311531578425,193.23095196924638,mothbeans,4967.538668058883
22.299625228924185,65.95451545792187,85.37974159119332,28.15017568659215,64.17121598018633,8.299916700031842,161.74940560115962,coconut,2628.9358456445934
2.8032948327589113,84.79759466634425,71.90419482865946,8.309114519795706,30.37296131124358,9.522055636932189,164.87939573041513,maize,7983.36322777479
119.04182312005085,65.76995145423726,190.70441500848594,28.660467511445987,68.18061364840099,8.910682890884928,102.51045700441122,cotton,4125.594327965755
38.016267613581476,67.89638487031749,135.5626733628486,37.965115260020056,38.69333799809432,4.675861378185199,125.31959522845429,jute,7366.298458231135
77.53705155031088,79.16848813595179,69.34740597165556,10.625773111252137,91.026005814565,8.637125200168235,58.78844499558806,maize,6660.6096281004375
83.11626670718289,94.54639744432986,104.11113807518599,8.625573579271054,42.78615107466007,4.676788740614343,209.0797103294462,coconut,2340.22790822028
27.11804098999828,34.173715061235555,137.26079245737336,39.89396531420009,48.7230685011378,4.829595347278018,200.35164855178988,blackgram,7227.122278101907
42.888240528300486,98.26701443730036,183.1713929055277,16.974195755289937,94.02107290887547,7.302377385594804,242.68029160902063,muskmelon,4383.243825841383
127.57295816267704,135.63902157687062,104.5150288308271,8.227325559973977,23.441334015654785,7.167378945483019,26.60992323992437,kidneybeans,4381.471543920172
117.34228819615214,78.5283080323116,46.665389372007944,26.36409442327171,61.73710372363799,8.251728410966763,81.12747113864305,orange,4209.862292520391
134.3215434037631,67.15229444574065,156.0187934596293,34.27839834810537,36.83679989307876,7.159966011979085,268.6162043425842,cotton,4851.186316741697
73.9955804498803,45.71087219105865,142.5004185608832,24.460096684611155,53.45739806713706,9.795312198609995,129.09966789483457,apple,4173.77259553741
118.21968663681216,84.67981986359756,81.47291958334218,40.709532539014866,51.162077102966926,6.948443950397882,144.0197773808022,pomegranate,5388.909883761183
102.23418327783602,76.74645857673238,147.42361126682707,22.79404274278561,70.02806720354673,5.157850944771294,39.39244942273882,pomegranate,4480.839584731812
127.2442416541055,35.10315970986584,45.91872285835516,14.352778656752342,15.202427315537369,8.439554998260702,263.2595996861819,mungbean,5684.976215697194
133.09978499963074,88.69141658119662,7.973794869103941,20.35070726765169,26.30321866960486,9.4176555366253,48.915462291252325,mungbean,4326.239978786525
9.968940455772554,116.81623193025075,53.66038559659343,33.38942431175397,19.877959944544745,9.61263075946039,73.65816594278422,blackgram,7296.4524572424825
10.00319328531913,9.544419846718696,153.91137142091586,12.667320236376472,25.43787848841897,3.6431458207643472,33.84658996819128,jute,3582.0527515729345
51.64307283229858,121.58850437182888,70.26405146431853,33.47419569027801,22.07625697546859,7.720001199484755,108.05571694556693,apple,6498.517272182228
106.6900314815616,141.15202750236398,12.51121394803791,17.979661131324804,30.806342450898015,3.5713893587957153,87.36655300847735,papaya,6072.655901122573
13.281899774525169,144.55884430031878,58.56898411178277,37.79402470448626,28.236508354785506,8.18066541937522,165.79693166328607,rice,7885.439349740778
50.98139467464477,124.33114889668612,156.31053201156325,29.367960743225602,45.32139114785838,4.8435637227103,235.77021822136317,mungbean,4918.454593946519
68.89094611499044,60.15219705668185,127.26347741061628,9.5567016081106,78.68256408938196,4.0064274526379755,202.49908187338582,coconut,2110.7433532396653
24.457948231329386,77.16964663677867,57.29858074552387,33.2926520721374,41.636194616316025,8.13749883896523,99.19419550026247,mungbean,6514.83854561456
39.66358695233878,74.80869090163905,14.011916383945096,14.511192147994752,94.37018042114347,9.751739297153211,225.650485374555,jute,3513.2003037014774
90.4106500913102,21.46394632381825,194.66187608607333,15.868451482856461,99.96866378658817,6.672696289935747,234.4575369400363,mungbean,2013.1045670333433
29.950729592146615,5.812527638011753,65.19154311173449,34.212117416748185,82.29799296003442,4.7957922694128,286.61423113025137,chickpea,5014.41676088076
44.456392071747324,55.50468430772929,138.86623574054778,30.140764390674896,33.974852418587176,9.243890462690718,259.8552156966466,chickpea,5054.49984013971
47.45107079118368,119.70672532184055,31.1396507496626,14.068060486512787,43.31538240421854,6.114319288846549,116.93938141434799,lentil,6581.882195139319
90.27110434450493,62.5132967324078,110.13721118390123,41.150921709701585,65.18721555786763,7.710457186153802,37.76734722386122,orange,2995.9667640507514
108.69479161138165,88.42975369634273,133.87314009851346,34.51284379864771,24.146193951584213,8.83254052422568,216.16230556208004,apple,5464.050351178222
21.826174095592556,106.11480093179638,149.4042286720058,31.326456861879677,25.58595827779707,6.111145494205356,49.67825987744685,chickpea,6899.723024552819
71.00855114749457,53.022166710083525,41.84989489888668,11.725665609158776,97.35469224817336,4.777751308518548,36.645146228545215,mothbeans,7770.000633094978
70.93676814088182,140.29730145728004,119.99069864592828,39.147586956153425,69.97558002463684,6.541577770158083,257.5809024398772,papaya,4828.208661037985
40.82074774060714,23.033830326818336,176.06289287258767,28.559530732743337,90.46194624941057,9.502094124751252,34.90869252326287,orange,5005.81581115321
120.0258952946974,19.62621801423107,94.85916417925091,18.048818882464943,22.9988513957758,8.386413342210345,162.00018447868973,lentil,5340.6123193849435
132.93524119591126,52.53404867829706,26.629188467439732,25.727542036292387,21.37972636701174,9.704969749273644,30.754418395499247,coffee,6521.023406643848
118.44047927563557,71.10769740654455,150.39077374662,42.976547252257994,99.16284501668781,8.26375579405888,225.60504413055315,watermelon,3485.713323193434
76.1267438286118,19.032462944680052,191.43234384272645,21.108765335786437,20.94701239319355,5.978663511522112,186.85630809173745,grapes,5081.916030927978
105.82850804751926,95.2774034428275,51.8897697616079,33.60627805289834,36.093211319832434,4.621295122713856,212.00570829196477,mango,7056.7234766835745
74.39485103938128,47.384659865972544,103.92360302200645,12.619404930434252,96.20145135273714,8.622308183402216,205.69651090856738,apple,5229.166230106418
91.8735850547702,90.22616551813742,87.35640549715492,24.583295223604853,49.64879132755557,8.889862592392852,83.94012580845515,cotton,2034.3255892517877
112.96590870875646,46.149182056010645,55.78258493400563,29.698820201199187,60.06287124119254,3.885410332449512,42.65421369197888,watermelon,5858.077881108597
100.35168033791189,88.288242928642,69.96482194971094,8.888002081481046,78.51292419167252,4.8744234612805295,251.98370068261067,muskmelon,4521.741560325531
32.21202717880026,40.83730623801961,11.403610663890191,18.385110805266432,64.2774927665484,6.193397685674677,289.45301891407127,mothbeans,2336.481015582025
27.734587193752233,8.613003546772351,9.055994753483994,29.78103747589925,70.90405522170761,5.490666912364697,108.96305501068362,mothbeans,4036.9634903596566
115.60618406637556,54.23068277594661,186.1752844192401,42.358957707796705,44.10613285564595,5.1675581823132735,172.04272939345753,chickpea,3122.91315559358
132.41636395622174,134.6036885417987,37.53077075242421,22.270908642540178,85.46912294145096,7.730401912453459,129.75092754945848,banana,6465.0259830969135
49.546815675960225,129.80370903789213,38.17558493250709,13.232802383224366,63.61422003775662,7.707963071903629,74.10415270222911,maize,4344.304653527744
57.61780451630383,27.226108115691673,189.5362868013224,8.09338588032502,90.86753471663023,9.156507670243109,108.11589572804445,coffee,6225.705619275653
96.96588207951409,87.90662526009055,180.73951676521517,20.49110317981404,39.790173644799225,4.868568892769692,30.503665121957447,kidneybeans,2258.083786280332
112.19211498256429,14.83322282172735,142.79115803423397,14.123110479186042,65.28914598267772,8.84843255803323,229.91242406982693,pigeonpeas,6517.657326101824
36.004799043419816,83.97188903640752,111.60611229765111,12.826458760561689,64.84688989455282,5.514627991788531,34.55295717306947,pigeonpeas,7691.936946239389
121.75662817633636,99.62486441916109,203.7270896985884,11.223409972668309,34.69785648669467,9.113815067303292,129.88063973575913,banana,4797.817939891385
129.3708927411977,98.85817205225392,191.25332548026756,21.925750561707897,95.95939113947807,7.997810413862239,31.67760334242971,jute,7441.236990914316
64.4457778688966,84.3053248371488,34.87690935424558,24.42081169985895,85.47694063772613,3.5990877384800983,95.87097057017522,chickpea,2014.7275186630652
58.519756361575205,16.98809230199498,23.83393964944744,17.35653419269369,68.21941356284849,6.891427894790075,39.1784716959132,grapes,7810.587655354819
97.38963020065104,134.40428970104008,147.47880569458434,20.89310776546569,75.3204253968623,3.7577802415064823,127.42352618890158,pomegranate,4437.9381910734755
107.449416691303,109.92255031074116,112.86964096817596,38.30448010623536,25.364330522608007,7.311065642660308,144.9173685955064,blackgram,4533.752677014991
23.385849387341366,105.47038208798398,155.99574662983264,11.114143755426843,88.0674471257436,8.703872301509401,29.286035828526778,blackgram,2546.506489280309
46.86409445191071,76.30045869518966,111.46954559092576,17.368336591930493,92.39733224418357,5.856881855180244,32.662943358368,jute,3801.3626692483185
1.8575957205225047,81.69362186147237,153.6598344613958,15.593012889256757,19.26077094427116,4.497881189801317,142.83376823433224,cotton,5038.2285245375715
100.58180646297579,59.88413487250278,185.98590339636306,27.600139623012144,52.733546570910065,7.638705620223393,284.87946981327013,grapes,6767.313766530233
46.52338750359435,70.87625589317118,67.90351444182105,32.50656462906598,85.05914688818197,8.18060860918574,295.03465373826054,watermelon,3635.2858873581745
6.446322406285798,54.42339771021175,198.86344065386734,19.1536303806503,49.250035255273275,7.5580931917348195,26.703091332738595,cotton,7386.581465115128
89.82679982001726,34.32807118074396,11.079482962305228,23.176790541558585,62.97802076362022,9.11027378157183,278.04426919003123,apple,5172.831308940598
61.50245812591957,109.45150192020502,45.96030498783338,20.9872657181236,68.54360789797087,3.6162109798853046,220.84424427422923,grapes,7013.213007609001
126.30466239684773,76.16860448702805,87.10332807251011,38.31450633023107,77.84816402094025,9.573444255775367,281.3538863403281,rice,4293.956987361442
43.3901872920833,130.99765876301157,142.6348873444527,42.50910111899318,79.96307757834617,9.528636365718977,80.10042353599216,jute,6628.909248901555
86.80442507495286,25.62938724234341,36.992583493530844,8.49798783052081,81.25974125763045,8.698694754710278,65.04223174931424,pigeonpeas,6437.146605603347
58.19254021006288,121.48570349062864,66.96795430553566,41.0067083723167,29.448509068004107,7.741423509556338,206.8452086298266,muskmelon,3513.170968567509
126.30720061713299,6.666625638699049,104.70289219781141,20.250243750873796,63.908568362180176,4.942927275121016,38.041982390419484,muskmelon,5755.598221092241
87.14797541887215,34.47548055729801,72.74825259069637,27.658848627761362,65.00769893592656,5.8828147697552975,97.85479116140269,muskmelon,3642.2037769315752
4.310119640504524,106.33238872827326,186.09373842748312,35.845308742801436,64.20966144578634,7.7963424837985045,295.27331741196474,lentil,2543.9725310560298
95.99842719445121,109.21805996497943,171.87557273128155,20.30722406682471,19.407317261845936,7.484376341258523,72.45089696139308,coffee,5414.261899973997
45.79281084022941,73.32842187775282,193.22806702916805,15.95021810929312,47.507837492788894,7.381329763478693,229.98422240210428,jute,7409.920320276231
108.72961041216722,36.96631712306346,9.96186600851316,21.43208756244683,26.173201184952806,8.046480943605108,203.79430313754926,mothbeans,2263.829849728729
34.824057280765516,65.51179056874591,138.58674709114848,23.029657539828868,51.95075104079513,3.9200191701487386,131.60130669428105,grapes,6589.087359319901
97.51658899999856,42.96105056481074,64.34226170573695,37.4691258892195,14.891280121857228,7.573412534720621,129.49992851376953,mothbeans,3790.2830813688142
15.482088154953662,92.8825829787172,42.349256919465375,25.857557692744145,59.50288101879771,9.107701518239903,148.5734081754578,rice,3676.654533415365
70.28176741596506,87.3630877132827,73.6706772832104,31.392782930665156,33.623283673108716,5.53118293163169,287.6459865839626,chickpea,4088.4222251668407
119.30998894121711,82.52835360122134,148.5735702262527,39.39634806877396,91.54978413949522,5.602457947762325,284.7814511546951,watermelon,2149.255292087633
38.44916317437761,43.231403044984575,65.52445701637774,29.430968469642277,51.69661870283443,8.151102952661393,268.7851586329771,blackgram,6045.196249657163
89.1142433179577,128.41622305683046,111.57806567831976,34.56872394046824,79.6232119236216,7.751865297020076,88.34305787518392,watermelon,7200.731588901452
84.59353144649992,119.34433912617541,157.26993124057847,17.186955915076688,35.09670282679427,9.681065792684592,22.289675162564915,chickpea,7278.323198361295
86.11772155704364,11.635800910362956,127.5444103883514,15.895298045638327,91.80042136715936,6.540593078319116,82.25488446009538,mungbean,7118.8718993515495
1.5679027357985764,69.12937147020479,31.367323560702836,31.252050201265003,32.40851123555934,6.270247083492294,74.95252045104677,grapes,5290.901514494747
90.3191973510009,44.531249457288006,64.1198249969757,41.07520240530385,98.93971694208032,6.529983380695638,243.08158524385524,papaya,6420.115255216192
65.08193022160812,138.22124332158174,193.96709060414747,35.28630248898628,65.78075739095208,6.411746031315271,119.01763254330105,pigeonpeas,7682.525281853333
120.48424498044068,6.85237908710655,141.89502037569554,8.668417946112156,74.79106471673572,7.567976734284831,61.240705891474356,maize,6596.730508070782
3.868456599830288,121.7587066938735,33.05700255759336,39.02974394209032,76.76044681090954,4.553889680046753,177.29740201493212,watermelon,3875.9378861313166
120.28550791755518,61.493187311012115,84.7087428730765,13.9460336182317,46.94364814337697,9.078347816504643,120.94978151611878,papaya,7709.621374998728
61.31030693863192,122.94692534821908,124.328281078747,33.35604319532686,29.933049905122527,9.671761716550437,132.33438719914,chickpea,5921.813136306374
109.48479778388865,140.51572237283565,69.01107101109564,9.30132572294427,45.03452777029183,3.611796033785617,73.47971964896641,muskmelon,6514.83209032243
102.06187898101561,63.75412090201756,201.27542086523897,20.231981380783537,93.26855816567166,9.470960310829309,87.23511928399942,chickpea,6789.32708952808
38.17478733522741,31.705606164056945,181.59509996617945,32.780396580495136,88.68778178948246,5.954162141105233,107.12891542932029,mango,4283.523169386603
96.40810058607606,44.525689102471944,101.2870691915211,9.553834273926444,84.30778777239837,9.8353098383352,133.1123794096585,coffee,2065.78191878926
43.63115408535124,143.68329722949196,94.02220694402563,30.194508380338103,24.898063701930226,8.191354975127412,94.84039608942292,mango,4691.679516978032
20.618333189765742,68.35903048098157,181.2394679111282,22.74169829388868,86.2027367568863,7.277621537662045,73.34172624245518,blackgram,5486.6374681873785
118.34721115089793,46.57231343350008,163.2976764689515,11.48218267818304,84.75769845019383,7.822915955348804,44.42683999908008,mungbean,6098.481040844812
52.59881275323787,111.10013709009402,111.04950527324854,32.64299840248174,36.36997453932433,9.528191826165306,167.36460214220986,lentil,6987.944427711498
14.029588867073436,99.31963068091883,6.551929667484897,24.63525417979279,30.580963629315495,7.515203228386318,292.2787247323229,blackgram,4786.417437923876
71.08978617315695,74.41760435456337,191.08469863575556,39.14880540613385,81.5788400061658,5.396036821227418,171.51233957125547,rice,3343.38339983411
88.62960538111498,82.58711752615575,146.0712672710841,22.611609462735817,79.19432112218873,6.016676467026416,249.72896539009713,chickpea,3603.770492459027
73.13366275974292,65.30656217064292,134.6231688569391,20.750176413575264,33.82735582005155,6.5067748024505665,175.94590686020663,mungbean,2855.6003229781427
11.366290187060365,92.79937516855645,72.27374237674195,31.522953671212207,16.762299021832046,4.3537551051359324,210.81148071079485,mungbean,3274.223931814987
56.22822916658761,121.19405128186551,35.88298886799848,36.79734777031588,60.465304869823505,4.927036723263885,133.18530490654337,apple,7927.9579546797
80.51209059391614,21.12294766663358,88.56231658030005,17.206802990417806,20.106092837463564,6.970108087803617,267.19362455576356,mothbeans,6053.599209044751
80.30184497353048,137.05279966857566,149.58301058458707,32.13158647923674,97.2616022955664,8.61278919157776,57.98134498145309,pomegranate,4085.810521857208
55.80395278058381,42.90272253904255,204.86702456622308,18.79242747213086,90.06670199227226,7.827895904259056,114.77476175540114,coconut,5261.206270244742
132.85102250021055,73.38171293989001,105.55674215439434,29.742005061146376,14.304149638477316,9.459239523640635,120.48340156732259,watermelon,4381.5911743060915
87.87805790410358,57.59082296902012,33.21195989845941,32.82633484715886,87.49260452894669,7.889468751369548,24.970218561679424,watermelon,3297.3973663459474
99.75588127861957,56.50640954007859,72.33476685073849,16.835486205978867,63.580357982022846,9.668594250200702,75.61855305768334,maize,2571.5147294259514
126.1713632168905,22.654377438237304,83.59176132733646,37.800354371589,91.93786435945667,6.7407787106889305,185.1610894405682,mothbeans,6248.884007591343
14.275571654809289,15.228210444589402,97.4510485688201,18.555881260607322,66.70084920370725,3.77521385884526,53.85105297267919,kidneybeans,7191.144866638371
25.240618286189683,106.37903703656863,167.44790772174943,31.769509096720167,66.19531609948248,7.114801798951566,259.33867415687746,mungbean,6929.8795829870005
44.36397730411791,51.97387678898577,72.47856624975329,12.299399259998646,21.279264220253616,3.7975746540243476,50.84584056754562,blackgram,4062.2425528137082
69.36428700641221,19.031955930003797,155.87519110498192,17.66262976242936,52.15352560789917,4.057014816585947,99.69127106833623,rice,6688.941459551432
17.89108835609508,137.7112284931512,119.37651765322201,18.694707135750047,56.61511760481864,6.710430777107803,26.473808085037767,chickpea,4132.759111304832
89.53753569282357,97.927343057038,87.84011086092869,9.559482106617862,81.4619726180827,7.843764711778265,151.43964102333746,pigeonpeas,7398.557692209544
67.13575751487197,118.63990368091676,156.78244977740593,17.30297976750354,26.99383009406318,7.984509287599157,91.62841715240015,blackgram,7536.054971145447
117.10624683323597,137.99370130650857,166.12738505498365,21.214089804844498,81.82703291390247,5.749226710212374,66.45382439884622,muskmelon,2200.3592291951445
117.37778236343192,124.77156455411108,171.20790542142564,35.9637715886811,45.151639298724774,4.891757334984882,278.2075175593856,jute,3842.001097090004
97.93825432322865,46.069851199158265,168.82604431220025,10.451211827112344,82.04170939544836,7.351848464753947,179.29223306357883,papaya,4750.262234831964
67.97926831968009,53.004892788857155,88.67378202640143,40.513135745041815,92.32465589548066,8.080329472784491,265.9417009232292,papaya,3917.8881655257487
97.21562584718787,112.53211578308027,172.19688981869496,12.29486553755634,84.7307938234257,6.729711601017961,266.17562717338876,mango,7319.519606362061
14.023705673226184,54.34034357738369,85.59456002467884,8.578799359623478,84.07211214068705,5.798837775290762,181.3562500868809,pomegranate,2443.779123625736
106.69518533764125,65.10496337127874,15.873235688036754,13.898220725031578,53.20950049146987,8.708485760631707,125.83335891830161,maize,5230.979904470358
30.20849950197651,11.103289050963214,66.08210619430298,32.3530810189023,95.79564928395892,3.993004799898329,27.91849933269748,lentil,7304.883277914331
138.91480108178055,60.551003405191445,88.21018102735387,14.030914305410736,23.962855123371106,7.203795267777523,121.27123035996345,rice,2481.8986876714703
33.151724843456634,75.35414773823177,59.23555714224069,41.16608755627028,53.89240904288089,3.876294505885677,222.73606082258408,maize,3973.0717292539375
102.76060908394464,29.25057336616608,62.1329977693446,38.26684472322692,90.12026159805755,3.787586895697448,66.72918272812713,mango,2704.831641637154
135.82628140287815,82.23173483066391,98.62247809098537,42.45635805824156,61.89822716802325,7.731154735011358,112.5102118016721,banana,4292.689187057112
139.5427278412134,57.53375854956808,124.80252742292245,37.96936787334285,24.10173826048902,7.913212230732576,133.65853795956897,kidneybeans,3236.8769616809846
91.28838263924747,23.852282593823965,108.72300632706681,34.8825895033717,28.129626619912617,8.32086104701324,231.50087354464463,rice,2359.5598893827296
79.72057563327965,62.469036035787845,43.5059830876279,34.079646197444,24.926838820759993,4.164792257784387,217.42032045182793,cotton,3253.0221227119027
97.8440519163895,131.58359693668174,166.04961739268768,17.605821757168414,89.5882567868983,8.833704410269466,278.2998729746516,jute,4751.964926227925
82.83212917331386,48.470385356927665,203.8862005085527,9.340761339388148,27.95544124008042,9.212271120204129,36.83647046871212,coconut,7320.92400406113
74.6673360849601,125.1193311818302,152.3500441826455,15.546317207876665,48.339736018217586,6.7505229410001775,245.23722616192728,orange,7034.729618636989
132.19598555039119,77.42014748750972,19.879524874389706,36.580146467574785,88.69155647894364,7.5923176971300546,144.4074924608025,mothbeans,5973.038073941436
7.305908091546551,6.432739897226051,9.431907108904309,8.292240812981937,23.49053486397729,5.032727773248832,81.49958094267917,papaya,7920.7795650793805
27.33826665460251,10.947027328452133,37.019227531488916,21.444021893531925,32.856850336961884,5.4536232262428355,291.13174629755287,pomegranate,6226.433264975451
93.31538374167644,126.91345946858652,179.02109166882087,28.262779579245116,50.96764774356426,7.606049891616639,247.46293638098874,mango,2033.9126290471083
102.58763689998632,87.23241601761325,94.9173198223557,34.566820352348785,19.841620035502228,7.80822868979369,297.2228531824888,watermelon,6681.15157680819
52.28499035098108,144.04391054376657,203.96260586075445,12.017519753121434,76.43331502223786,3.8311710698822474,28.393380263738436,blackgram,2632.003365469786
105.90236669145445,65.76913656766806,116.69455832322699,36.575884946019535,33.0915738716319,5.6943599329754555,234.97981031493197,mungbean,5422.747491727166
60.22602134899182,87.12866381622229,186.90346328901052,14.597081747852354,83.31195528046352,4.335996691690185,87.3415135010744,apple,3460.0633009407384
5.901058374810788,68.56774516533689,165.2419800487258,35.008383720876104,93.0796340865036,6.912484251961858,47.817978695496265,coffee,5532.133846016097
118.11131591398967,41.55775863060382,24.540642220214988,29.557620248033405,51.3833737690684,6.229221089871565,166.43590297555284,rice,4168.295669393256
126.42015192120948,118.9695602341353,67.84830409990099,42.073429314303816,38.76264634274169,9.1915502325006,264.8481044266247,coconut,6545.945699617835
110.63422662616063,62.02642257866294,117.86784463643468,35.75193659758267,37.479031616442725,7.509275956659913,250.1657423088162,muskmelon,6244.7287503974085
81.84517033772217,143.41457604041116,125.39755892944201,35.496621390652535,76.48800973647899,7.9895399393879245,219.1505973217041,grapes,4726.458507688783
46.46687988564955,92.41948980581495,170.1217345015188,40.78708823330506,83.06867829139732,6.230713475941151,196.50615741675384,orange,7137.795960296702
30.33613011875498,28.761281564702216,5.031548915611346,33.13832982434495,23.554359960755185,5.0605702380540185,102.80962016333655,lentil,5362.27916082061
83.95857911150425,54.00544619403341,93.81289828410624,10.251329403164998,82.4301168097479,5.0411424777895615,148.0265980559126,maize,4883.724401699863
96.85460205750711,22.026541954750915,18.009191547428124,42.12053867009351,72.58083933779741,6.171718854999946,215.0812293301082,banana,6537.990718880955
102.26974045412855,36.852094830450305,25.378129200679183,22.516752566616972,87.66518360290287,8.119931135328002,265.7220420364272,mango,5694.657888185913
138.48578301125343,127.36791883945703,204.55687756401295,16.56401658431454,86.43346432713413,8.767381176292893,84.20141986336398,papaya,2590.625294005945
14.336048971440169,108.22413833383358,95.08819908518663,19.32354699623486,87.67215935934284,7.299124586044059,164.00464951825046,kidneybeans,6460.274989853694
61.60088460390938,58.10183097410624,159.33298765454043,26.126750622410015,74.57720275249437,9.198552250115533,274.6175964568035,mungbean,3666.2938354434355
36.5802304471573,110.19204787497038,79.01160720923204,14.068624829446541,22.461152355599356,5.594804408510003,57.84593041744215,rice,2938.2416751998417
18.41989966304967,11.900879863332621,143.8711777990542,37.127902422636694,86.78599506851239,7.842166714093828,285.216393545134,apple,5066.028581267521
6.365047808689617,27.095777381971796,32.44296239280486,28.619072033968177,91.23811218990627,8.575661013270128,171.93146051478996,maize,4532.93098956488
62.13378373721132,39.45387716068423,140.83949107045592,38.56353810094623,46.066848438554004,8.885846193224555,139.84080892241036,orange,4408.015658596556
128.3830396632779,70.50178790875043,60.00805178814667,12.964009004068622,14.322078145170494,6.905807903902948,49.78956174568471,lentil,4350.36658178707
101.34917396702916,62.650283489085936,8.819855968342978,9.19334942486446,72.89311782554364,8.861528060913688,216.7413310148121,mothbeans,4435.326515628352
0.6502276318984279,127.31361179118639,66.4650361975499,40.85061003620538,41.25729482266035,7.687560457817958,42.24905439493038,mungbean,3453.978868722434
11.8957772405149,19.911629184452202,30.469755275177054,39.65318917813474,59.22306871868795,8.566080616915144,52.05097024764086,muskmelon,7565.85623305157
31.466980268549854,127.38551266115348,57.68855187936185,15.186895776866978,36.724978565850265,9.3237124049447,274.5345719731337,muskmelon,3973.9746481278125
94.60433572298565,117.91876849825645,64.30190002842622,25.854848966864065,71.41995978671267,3.6680436403833987,124.73337120200539,papaya,6175.330146071414
70.33579389809499,52.41514462398433,156.40237354947206,27.036279377242437,89.40890857725363,6.978681053756429,86.23695090850055,papaya,7106.551293392867
27.55061870285192,94.9611882126357,96.6165379351461,35.730148366581574,16.07541896755961,7.4066359088676545,223.1268194026855,maize,7960.316672172014
113.18444052680077,27.39171233137001,60.55280989545102,19.543553309972637,69.93143820260832,8.344766460733796,228.3683972485989,chickpea,5059.244337838417
56.61245793991484,36.682600061172835,8.465194351139411,28.121870587248715,32.26766699699651,4.833292273459465,54.85598157206158,banana,3137.5729410601566
59.96799122089447,51.39517945196923,200.4483130000898,38.22050967286167,41.78174827719981,6.468195823109906,135.39171986416812,orange,2894.5740720286035
66.73967045995398,133.86612208594434,149.79685304963027,31.168235526796266,51.947145373081256,7.795119989596389,29.00035488228545,coconut,5517.432032179367
7.2409235576514845,34.54536622920615,19.866174470716032,18.11200105313341,67.95975466066498,7.123590299631202,190.17765040852248,orange,5295.507628267365
88.78661076896674,113.1548714577284,69.93579126756022,33.91816288662536,88.15807829827031,5.709756764278859,114.49103828298968,lentil,7399.7084234385575
16.614148890052572,9.057282634996673,27.573883529364423,23.09360269130969,73.07822195359,5.351407516428563,256.2097354575127,jute,4625.693772430101
26.033482354743732,20.54734221293531,149.55240656793936,17.362915007385332,84.5251054541778,9.871895753692328,41.30030827244233,pomegranate,4838.210750502201
110.4531255157727,111.39960216633558,74.79898706038219,23.88486394897683,65.16727873136645,9.733219734868847,111.05814132090103,pomegranate,7538.863326301146
138.47042516631865,98.83691615586284,97.7022960717102,29.468664982226173,37.43768053745778,5.254712688073386,51.56816318849128,banana,2684.3017862323927
32.16649447977368,9.984731712311227,165.90651914862477,29.54279943427651,22.675854412597534,7.259092519800928,145.706786530551,banana,6647.30196484215
66.32967072309512,95.78966365660858,10.652940209995538,8.521859245418277,25.12865805147684,5.110652384291013,139.41465633874782,jute,4924.64284255873
10.208381669780755,117.45627003505325,48.04654642114654,19.340978447184682,58.670956691188515,8.50899207075571,253.11270432773878,mungbean,5502.393500960749
87.94556463144971,81.6132399030997,51.23517662747885,20.033787194056334,66.80668306658396,9.009472179478072,229.39333596940787,papaya,5320.40016100049
14.608525865578486,15.522199147331879,74.5116654623204,29.5165086059227,86.02666112137054,4.674804767662892,138.0510240239158,mothbeans,4351.736840852913
14.80904696516938,43.90908150771027,183.06289124273025,27.249594555308352,49.55382546495615,3.9651657973811902,218.52578461784097,rice,6217.104940376195
114.90954288420654,13.260466759874042,186.2223502893315,14.61237733936936,36.06075675001948,3.841312436523176,288.3812325187884,rice,7112.065096930258
112.79587044276492,27.62624850224164,63.56712449205208,31.78278079577944,41.13207175747125,8.572010763913383,56.266069435306306,blackgram,6576.117022727651
122.1005603802425,125.65412466042706,191.7636033614564,39.288329119339146,80.76022310557319,8.096946125835695,93.6052743010417,blackgram,5728.040128570696
137.65023813152442,93.90343925982535,93.5741012211781,25.189933919713173,72.69319969637013,4.15007708310644,111.28187651937965,coconut,2451.633446021623
27.417493865192725,72.93545564305177,161.95486423255787,24.992356190805538,42.8509885082348,4.027059138155252,172.98215544491003,mothbeans,3627.6115188990607
32.142223244952284,29.61338367748263,69.51567890066711,10.364350904213703,16.830046976363562,7.372910059538354,192.12290382167484,mango,5177.529215829738
138.88538632900324,19.396594248982034,15.594581209220166,37.94609194689099,93.74477883780081,4.079746288295051,51.532824635343935,maize,2199.044946534643
29.318774352039323,140.81072664740014,138.5720444479361,35.24935589314897,80.7479887174709,6.924471998586974,241.70193580421878,mungbean,5574.845194339818
78.5554152275761,79.69120205883189,169.69061075186414,42.36045260835807,49.34966062620003,8.385700342024702,47.734115122601125,coffee,6660.988216689731
9.591059427817335,28.604512593555928,163.2595491567891,30.693057650132147,63.004991050563504,4.572780612834569,252.89656980739434,mango,7764.440657517501
10.924461891539742,128.86143046403907,168.11045080642566,29.62770594289528,95.26700797280786,7.6371556991488205,80.04390665280192,banana,6371.853942301401
58.4998661130984,45.85524626035542,158.02230208796996,34.740441898300226,39.15030964577605,4.020898026451091,23.178284114872724,cotton,4564.7031994549125
124.49333925375558,34.37572163267859,201.37545927052116,32.5683736889614,56.66646569616425,6.257891611846386,285.31336312331825,jute,3234.3489651779983
43.09098577670946,45.460886862824886,98.70760904313784,42.62127316437416,90.43566193759469,5.598877237257511,137.55789217297826,apple,6016.884478315588
114.8215122159907,128.17172802366872,176.4400668649068,21.126903540993766,53.7319576333219,3.5792852601840375,131.0319067561071,blackgram,4762.560934199609
125.15827432601463,140.25358897230734,182.02099701810408,8.287024829967596,69.1656333005709,3.9367211718594612,95.78121161363595,muskmelon,5469.845776823482
91.64848362839334,11.868171437210052,25.720773913910406,12.500538452594569,21.861636402193433,4.6407003089236625,211.3996059846135,papaya,6985.023506954917
96.9894108999681,33.00227657721571,199.65603032668162,20.24991330001664,86.74455393361582,9.550344784828077,260.390481679334,mungbean,2402.4059092417338
21.828591352795787,115.59275776738538,17.847049611484174,14.791885808596174,70.42887544727222,8.971524201670857,90.24493651153904,rice,3963.1496349734775
69.53885815754676,60.10089482040611,101.64973880892491,35.65755165431804,55.04587639785824,8.512977160207164,140.01188988817935,mungbean,3512.034027268297
7.029837004060182,90.21642647410452,35.530596000121406,37.07041637900579,44.56865386792115,5.301944721460453,253.76713552579284,cotton,2300.864138430861
51.80049568050439,44.87205239493712,187.35086640029542,34.28249377308528,19.497392120506735,8.073999676383707,166.58915900980472,chickpea,7405.207366409475
104.72756967233627,17.814916447592804,56.95018722051516,27.30216033729679,52.84900229933958,3.600956094537254,249.06784624957604,mungbean,7272.805748515559
36.51317980698868,100.58413754778576,193.14341592782168,31.22104130556324,88.92947005509593,8.795878142444838,120.11272490594307,apple,5600.743639636979
0.5202540380777587,41.48370409204866,112.64007828196407,26.650578770652743,68.8358734053787,5.444662917556624,170.26713180272412,orange,3138.7206646074583
6.098495280138803,35.416036069141036,199.21449172556393,42.27333589119946,70.3237851904037,9.13268267012099,79.48136117374112,coconut,7832.252565059742
24.99740029988829,5.184048680287701,175.63036199380147,33.02506891141909,73.38631599793864,6.997632883925246,214.8695639727175,papaya,7614.130265285755
116.51160927061301,69.227560593923,123.7213652098335,17.357064925559868,69.54882127087421,9.810220441282201,33.63689317940669,mothbeans,7319.184024231006
2.1854871160820943,49.56163401666699,78.60429388784513,21.14561059034734,98.22410209185477,5.444965612623797,93.7332437152567,pomegranate,2776.285586405247
127.85438672836425,37.475583302090016,29.227714769780295,8.213063584145651,57.67613523497547,9.889164354444723,213.20034473158162,kidneybeans,3850.3675517908764
110.75010008693573,70.50818847237619,118.50715729126404,35.69214887558249,62.139230391919,5.793116246525328,43.864153178521875,maize,6379.493777075466
40.44422191239175,29.110565108984577,157.44615792843385,42.6538424307221,80.89007591609338,5.393996593097864,88.05689127257308,watermelon,3305.9952563956294
45.73929009725359,110.93684825864473,95.78655646071235,15.425644202586023,31.366681927000464,8.998703114047576,208.4174174328226,coconut,5276.276440148695
29.767246546703824,57.40706151754354,59.41683151559553,11.090945242650223,85.39194559579221,8.959912890605032,81.09058344639249,rice,2388.6331971512104
3.5472714127153604,84.84891992122655,106.35667631646281,37.400297462339964,64.03313253961203,5.569935074062178,163.51222061790213,apple,6198.238134499513
18.7933786731241,15.384168239889133,203.4343428896819,30.94578829356937,60.620299791055416,8.399190402593916,253.54145039318732,maize,6840.288608268365
42.84818340952027,98.4617630517985,146.08177479469677,40.79533948292503,33.33611742574581,6.496592614963003,89.6427455395618,mungbean,2480.5529652814726
44.98932281413155,143.53907315329295,36.537734414629455,26.07189365934143,82.18462990999248,6.26891187586583,150.1273687321658,pomegranate,7918.134773034446
124.68312641706729,52.83935619823195,97.90377296234375,39.36794700578379,37.4412896885766,9.359205607970658,250.32291997610685,kidneybeans,7883.34764545576
86.25379870090966,31.462389426837596,43.37750994361906,30.86450480414603,18.617958162786188,5.505795593437161,61.5420687954813,jute,5481.058218779203
75.1911357116626,123.91659569540896,14.89700271077416,39.122930778219754,71.23067500180775,7.447123715679378,194.00026475286984,jute,3777.6190157268165
111.90060082659005,47.89334517108054,99.00404191453934,8.687129498567867,77.08601835245358,6.1732939307430765,166.04973763566184,pigeonpeas,2688.135906864552
85.83707632381838,79.34043816401474,141.59288373773742,30.308679763065477,89.79394049398584,7.250504815861099,236.4511777187547,cotton,3492.242935798807
94.17975370814783,114.80000804366563,138.37332722411182,39.49578321999032,38.52367653786579,9.263947085452475,56.380060212259274,jute,5957.181914179884
69.24903165818252,48.52768404070496,105.74654906164685,13.662067473464614,45.761601202204105,4.131557871896815,178.97335474059685,orange,2574.607317197762
112.26885491583758,133.11074713903284,156.318786802826,36.7847808505697,32.618188784886094,5.186866885879047,77.9706562031742,coconut,6590.380588193384
100.35720894274637,128.40534708313783,132.73981897663452,21.56809651955797,50.61549888400624,3.982057165871391,28.74510027839525,grapes,6172.853625134464
108.54172257565043,117.23208679312894,134.9052257498738,24.371174169005734,63.51446897153093,5.96409837667595,55.18266335239823,apple,4313.723584316551
84.5102334308383,130.37281685331567,178.24672457178448,39.16477713227078,37.2204296959912,3.723887925171602,92.57657037090152,coconut,3672.244073724252
138.09080623756336,78.08327847300882,170.2829857697764,28.175395052497564,89.1714572773596,8.11453465153761,198.72175616756832,pomegranate,5390.736025898303
58.75153797394147,18.520721298792974,12.99722575956816,24.765830606321085,65.53907607093215,4.004633795652003,99.75918659756442,chickpea,3932.1932358529225
38.98754384599047,18.390803937840936,37.97134818931002,14.088173056146761,86.47176520315749,5.319645996661065,218.68430202830243,grapes,5407.032478035835
94.9690881237028,111.95958690473603,203.38532366162215,20.088883172225863,49.34950712941659,4.559968380225096,76.73231023570231,pomegranate,6160.370015590266
81.61341291103284,14.733015635447364,14.536628849952656,10.139300636401842,95.00125431266373,8.93917714279075,254.89333168121937,blackgram,7545.300573461275
34.628253960068164,61.18872059339254,148.77281457676216,38.66115050324428,51.41781969615909,6.926438114445192,279.0356721307984,pomegranate,2644.9918226565746
106.182433979981,49.975724277947755,25.603838888441217,10.513264090591422,22.1077340993085,7.230363911629074,34.362084880459136,banana,4021.5612497842303
100.96871749467212,26.092363349073594,181.63313559512352,13.846405726700644,33.15950692205658,4.319552886380035,142.4198598153307,mango,7326.255390513858
72.97791296486167,133.9956623200275,132.9233464864124,14.052287416954142,72.7170955270827,6.234099374603741,184.44500566479368,mothbeans,6404.384210138647
78.38406185774322,102.38949612603918,28.680316828300562,16.772959301454932,26.017696722534474,5.9970925777390285,98.98977024910079,mothbeans,6397.533557783416
36.24442387587063,110.63326303957905,149.32592720094,12.930979219963955,89.42434532850079,4.658227609459215,241.63800913017388,apple,4741.882157768029
56.94137455637378,49.313941027715764,133.08212736530683,23.28150967706042,21.94821463897336,9.362083011279005,236.42108164803935,watermelon,2338.2691477433145
99.66349193210048,13.18033871964052,117.05401511939459,10.963665433494146,91.72213627236899,9.305551482752847,214.10877116805017,mango,7557.1335286367
16.917663186754282,35.97976922809406,70.45198903390646,15.632687372140355,47.65494439109565,7.0815360368964875,210.41241601108396,chickpea,7782.651093243371
65.52852079136503,37.62701379344618,122.72873394321233,40.31116099597155,78.33568545046887,7.765130330553044,181.9965703234905,maize,4927.687455542389
125.25946375976118,39.795040281797085,23.261775515632152,34.25053127300433,29.10293595248031,5.880134397063527,27.863210064892364,orange,2822.4076552426886
112.27248480630976,106.75460973331312,163.66256927998035,31.484381944433142,71.60566713820083,7.771115503947572,162.90389553054075,cotton,4180.083400789066
86.8782873586598,63.78174272184296,127.65666936837974,34.65862168879643,60.93045937883357,7.516834271371443,279.9995874016246,kidneybeans,3794.385857653059
115.21728754400067,87.12251607762852,127.60785129447713,36.71964941296842,43.491090642169624,4.7392539224333685,75.15669119030531,maize,6395.718928773556
20.309155249659298,21.896222722676193,130.55972954060755,8.00415257187975,15.57546346390476,5.99314006800701,212.19526226877315,jute,6170.236258984423
96.75030492463975,77.95346514121756,200.38628335946305,13.686107484289156,65.65738502268209,6.643928166086424,74.06164381483904,coconut,6499.9425928502205
67.34715784668455,99.36366507765858,91.9968358340926,27.555319287439335,18.99198498359133,7.956086241923412,34.68525116659001,grapes,6902.509681517897
15.230125243838515,71.20796623477939,155.07062448166855,29.402196703382014,22.650366467309652,6.0382792022462235,161.0125805042882,mothbeans,7975.073610297637
137.53932740241575,57.660969792122145,45.064097214764274,22.49381787433986,66.80358066699428,4.866383321030374,101.02006515799151,pigeonpeas,7127.279010411738
27.397795502425545,112.03892052799428,9.700484563664808,21.142403446256736,23.52437167342378,5.755842826212477,68.24326365960962,muskmelon,4239.829940737325
77.92734855359102,34.84998739242022,142.62207985013032,41.59018911966689,53.42462516786274,6.846932976436655,86.66764441814901,mango,7351.207902506487
20.94914101124974,67.96182316532946,60.69840067147733,41.01070947486722,90.03002940975288,4.036976267700467,163.62967001462553,kidneybeans,3350.3500730880323
93.85640474229098,22.732185228556638,74.29026146861207,19.867689693541024,62.644368580191866,5.36533387301054,52.601551935987146,muskmelon,5922.095993942812
46.79449238199838,139.3780797433926,109.01798752116687,22.02447484351385,58.84229564195586,8.485526437757496,114.55028434779751,papaya,3072.2367255956533
116.00485871082971,64.57080259755641,17.358762148004153,27.48882988088648,28.730987701419892,9.679312847058705,166.49573229948666,chickpea,5321.352763023563
93.28274523796092,81.51191921816849,46.05150594725402,34.43000675406495,83.12266979015102,7.039043750511615,155.82000264258596,cotton,2683.6290987679117
11.229079093921639,110.15108714634108,33.16673783007673,11.496021129916235,62.30380981056195,6.1335021575626145,218.79817217596585,pomegranate,4922.092350201638
59.57006282457593,127.06269325583965,84.04513014449329,19.668899471937173,43.114016623954726,4.758245099615298,259.2715004595691,papaya,2879.7848901654893
120.94134583834916,88.472351177929,119.88675145927168,36.45920954174968,81.62262153308406,9.196675030033306,173.66379043188357,lentil,7805.882556396852
56.31819394466463,112.05275773209426,53.786512762043245,37.35961055431382,46.3259254151897,6.905887749479558,281.8650155424788,pomegranate,6087.5337811212485
29.884612259455633,64.69458526771952,192.8961775429751,22.999734323199405,44.819616380586254,6.319434547989621,164.40786909188066,grapes,5791.948064788813
63.29430880700399,119.44733091261965,111.74413227041613,19.84681786287922,70.58377121826962,8.093422430358345,175.13761522499752,orange,2339.6898388083405
74.22709763006627,131.20504066025902,146.08653913948058,35.89768822969647,72.62410575888032,4.8221703179045905,50.714501978353184,pomegranate,6976.944038029454
30.229584131454054,128.82598390057387,22.073755865313057,23.55338268053727,87.05031517312054,7.441400924295909,101.2676054042521,maize,4524.5612466587645
136.2565040709459,130.0394205731207,73.48656167647536,42.93692577507501,14.301401063671012,3.6768304371738565,249.02766321759188,muskmelon,3196.776120998312
19.091191539173785,87.51333132128433,118.552245096216,41.98518142738747,89.97123788621592,9.551541400111697,51.58145871376633,watermelon,7208.8906235251325
45.246569876451076,142.5170385897975,146.72408008702618,10.185727448337362,17.023821342822927,4.577810873664192,222.34393131794081,apple,3102.4335550545675
9.13779894304585,67.11494795176432,175.1236417054543,10.68353336889015,44.57604140981513,9.258558941179688,52.8472428845583,cotton,3864.01103547168
127.21698728240682,77.57705626284061,19.988802539699364,11.85968548967984,46.981776106375555,9.517498834386494,212.62874413592647,chickpea,7205.713197134794
67.51522292233942,85.09055656496038,128.18094673331524,35.6383961973176,83.83096533794894,4.741121435646553,85.78501389612039,grapes,7260.998173678232
135.18760119726295,27.53118156833858,41.249561213231,27.793862011688105,68.8082150728359,8.23227464746154,70.33200021125701,chickpea,7754.042520586607
118.58656864187768,80.60920013978405,87.85536951797651,42.201401730824855,64.0624378905059,9.047990929914747,285.0152861898286,watermelon,6052.127762051956
33.893854025688164,65.56039710046909,56.073125304059985,38.95462911956232,23.679687633434355,7.850339570280773,92.35872881187652,papaya,4853.464458310798
13.841287383842054,10.930670473389485,139.7888898146047,26.80671886950772,52.19640139093029,7.560415623477455,250.09487520258426,mungbean,4566.157454697228
136.61929110810243,56.38874379953317,46.53681907951952,39.91271791283108,29.0361788811393,8.840306213403807,61.75974093980537,cotton,5952.346005364438
129.86936188662062,62.026888870456496,204.76896543692624,28.272701232964526,17.635133504290373,7.255230698824883,96.33120939892787,jute,2194.8879322153684
80.83732276113442,63.49505939719674,38.16124720605846,13.389579659710988,74.8417311590795,9.737900131304041,84.80015169965166,kidneybeans,6638.891604988939
78.46628750429025,133.05740409297005,139.8882142733737,22.130655143672556,88.16471306908757,4.658802554342172,171.29781861569606,mothbeans,7703.302231662538
114.37558306648268,96.498501576327,172.87417270757808,41.057075794583525,37.471268567815365,4.5858309200430005,154.5494285924461,muskmelon,6211.1745609452955
115.3025753838882,55.153831005177764,24.80388457903166,34.532673905222566,65.29437740530065,5.256047639492802,90.33392786229348,apple,7853.740222893928
126.94393216015754,144.6710473725663,37.82288791915806,9.90828956073979,42.35687521457426,6.454618756873058,76.94030668708754,chickpea,3808.549470791351
107.27119452056645,57.49890029252255,118.11205869160817,37.24583072627056,15.565164924990533,8.633939836956621,283.2370950450877,coffee,2192.387128905027
73.58834392005176,17.77507969951434,92.28967976462256,28.362694267219855,58.898327117810645,5.6178149316993675,170.7999340894635,watermelon,7752.805725553087
130.54243379590204,25.551565632786865,143.46723298194468,39.89995265986016,57.13451718557454,5.815517951123561,67.46835939348199,chickpea,7200.721318938546
28.3469989797932,98.55632120914443,41.49526621984587,29.471009932094,49.4285324710387,7.684316859735147,296.62466518923077,mango,7626.901791395372
113.20512446732391,38.01704726598196,97.25410663045433,24.538572235881528,43.31024212282147,9.60986304720107,213.67816131719817,grapes,5235.19601196381
132.20651300476084,90.50478929360332,148.1700031053622,34.66894106090037,36.602027611552984,3.7894696378893755,20.520622809528867,maize,4103.895697724112
14.304125224981307,70.83225417982011,111.04388136342003,17.24094834939199,69.27931126999096,8.001636387712882,103.15428458812424,pomegranate,6550.548354245251
13.867900790238316,49.63177064507717,15.254066492630653,21.848446993371063,30.21950808935691,7.094448213020031,212.60073349004995,coconut,5192.719161228239
116.67695741524307,106.6194318073753,163.05654707456836,18.108585400116752,47.324774556930954,7.511372633895874,173.86228919513198,banana,7766.623249823219
13.04994962497779,11.430204512072597,27.32063989037836,14.550076101177915,57.3592065490717,8.934474471431182,85.50856829591298,watermelon,7610.972064480668
138.10818951015654,65.34857420071052,66.14459986064588,20.788208108722692,48.13566013364799,8.757858446058343,42.52214020709144,mothbeans,3899.04229325016
71.14202291842066,53.328564345569795,42.1803423112534,8.167993868607976,57.78377755404361,7.055319466896613,249.33289738923648,muskmelon,5027.461807356804
75.86179202744131,35.766303968780285,135.02011053011077,39.652401908761,21.35202281223514,4.886342628966952,254.7496015783717,mungbean,5789.320912651745
4.510150463052202,69.75489206139885,67.69505798682032,31.277710399944983,86.20812733093331,5.806419977962046,138.67878027574875,pomegranate,7891.506707008485
121.91656697994901,5.82313970794313,82.61928474020392,17.716437603646675,63.052353229998836,5.1032539896693425,106.5150898932696,pomegranate,7100.239129959162
60.52868336733842,120.84240303714586,9.93273765960216,31.63632343825081,94.19464520818161,5.016338313671566,212.83048572228617,jute,7850.611406601202
32.89008702408006,19.04634744968962,34.656507579183184,32.57124839687498,76.41526328898169,7.815113994420474,113.42979179234219,orange,3018.6616385487328
38.16827124145077,76.07073204246744,68.11466163599502,42.68798683473758,51.10310616522399,9.066714582990183,269.2297343006543,orange,7016.0419983341
132.6845424258692,23.02395869864477,11.880725542858901,22.502936276729514,30.73852681717562,4.678857789844711,100.01385251856986,mothbeans,3490.433631481129
3.001581327235856,108.4113710823399,196.7573287880816,38.179510527352875,28.438771495231144,5.591649960011086,67.94161148565738,chickpea,5607.8501828882245
44.390327710828146,80.53092035780136,143.18411401423901,22.746893581386693,87.4453356191695,8.43791958584203,37.97702119045864,chickpea,5726.7517945449745
110.62321423033295,117.30021293434785,148.93101465562285,8.774503604755356,62.57667879067503,8.28395491764096,143.6058167371089,pigeonpeas,7669.616272192378
76.8985011379548,5.186709528710882,69.76992614916897,15.697700984070345,97.52481593662725,8.154350845247865,117.20363976850209,chickpea,2557.0705191837233
75.10013642577009,121.95072958504495,128.15851042027708,30.182594684075077,60.52860485940179,9.43450004884102,279.06894626892773,mothbeans,5076.339206441313
26.118107707386194,94.08820414453251,105.01846715644665,11.615516723464797,30.997709176286918,6.569644519676972,266.7497394198426,jute,5398.344323786585
47.46399696414736,84.9975950261928,94.47596452761348,31.069546941810625,18.34949868279489,6.657121383929338,102.28594979002281,pomegranate,3957.1103676674556
64.30459071380848,100.13102548997354,135.37708477659905,9.353294664665633,29.77380138511677,9.218592011636032,281.0120169674754,coffee,6682.637839467065
54.985025695419395,54.917871316369876,171.57116172358423,9.55214016837604,40.52421363926648,7.848214768608831,177.19329287916526,lentil,4617.736155762166
41.33947586761297,32.67770439610129,77.81257435933199,31.343933534187222,52.44729377651083,9.477982848540712,257.4732553444736,coconut,2614.4036957773938
101.44838716591511,9.977262856867712,204.47622536276262,38.54228406919192,39.57156228844393,5.147431873258915,126.04062082535927,muskmelon,4137.001791886658
4.502746496787038,130.41814466535058,135.41653657594867,33.81383656419325,14.224241851766502,7.5207323778382875,183.59915351166524,maize,5223.233338317799
2.4591637985553727,91.68910950417522,96.58188139294307,27.850759120355473,91.34318917558267,9.707523670822038,196.37797285205764,maize,6584.33353911463
22.500181884810786,107.64867269341671,91.27309127760039,23.608784464154198,40.540260620647544,7.38708085425756,71.47588262570432,maize,5761.497675883374
102.71638429861996,56.23816614039299,85.90384935012509,27.379665301104687,94.6704189533442,8.1335991943652,173.17500996995008,jute,6622.478089380287
6.419282572458216,6.015339922120226,202.61358839222999,31.059214512559336,45.42492725753389,6.510766385044745,94.10093348629177,blackgram,4069.2427021592584
107.47940721805134,130.38000707163067,75.90884125286563,41.30170384984078,68.80606367058553,8.541292049273267,214.53579408783986,muskmelon,3233.4303520904396
64.321424526573,15.873220648969497,196.94536760779226,38.76473077155275,78.90269679466014,9.47422586846437,81.19597899234243,pigeonpeas,7018.215758060518
100.05476192955892,58.754417684432994,159.1796808637605,12.998347402393435,31.628275115573715,7.889834276609046,175.744251415117,kidneybeans,3223.2700557295952
40.74047087603942,77.88714512400325,83.26656729323854,41.59748422042255,42.81422870070949,8.482693257105211,257.80569098746804,muskmelon,4613.638984885796
102.1313999942274,33.99010455463407,80.40709935863575,8.282040111343731,79.2428322165792,7.505674523715099,247.35488432788682,chickpea,4733.66472861628
90.66155619793697,5.505810554793413,55.73885901770239,25.28619732721868,67.20711207522953,3.9197815338536777,216.0122200350941,jute,5261.21658588356
138.67912978594285,44.25518500264908,200.10863874479068,14.388604285303586,45.05412209863086,8.318364444822851,202.8623972122136,blackgram,5486.734399574334
62.3868968939905,12.279080397582042,65.07264471422273,26.449337262219412,54.04434525408578,9.897885715987417,128.07657328850098,maize,4321.994355525853
3.7478819984378986,17.871311028917273,142.1858441416439,23.013949325112755,88.371959091991,7.9459008233228765,22.25206177795564,rice,5700.273984602809
81.14952377476278,20.58139278598931,48.05455465793428,17.78023096097471,34.72872945971055,6.684128066902053,282.58778293426707,watermelon,4665.035508606863
37.174984785926696,67.36071454004423,147.44977836880278,21.15593841784858,93.78497606133833,4.1045251281198025,123.0835669174676,papaya,6253.724740570531
34.32155245466409,75.79320403181295,11.469057583779513,30.64249193843864,61.66938818975308,7.767752196872276,278.57907384175155,maize,6123.65967032259
82.97221070396253,74.29329871869882,194.1475918804588,34.16511226189387,76.8266663087058,3.796660924379389,172.80816798302612,mungbean,4801.948723410889
135.27551901361255,141.33225945961985,12.824960963943962,41.11691342680111,99.77768420509857,9.531546299811119,206.52101580203228,coconut,6207.380914451005
116.35886715651743,44.48592967055396,114.54748886485478,10.912619595902466,92.71166202664523,6.08728137641698,129.44197912114794,coconut,3816.5322237077194
26.18597593342001,126.07253322362392,83.08466523877836,21.347896257035007,36.591996343133545,3.7861457571513375,94.50649746449214,mungbean,2322.661431998312
124.48029467940995,35.68580839132643,140.70784884287517,28.38930937346101,61.55290434427568,8.999905438418057,48.237055933215835,coconut,4082.168151953816
98.58166511044233,106.97058238314115,184.36580896814144,9.842951580787798,26.18653007035398,7.3287922744267675,192.11857114188294,orange,2201.6579738900377
8.942609740664377,54.89849972209026,125.21535980127854,27.464043952052457,48.800365939801324,6.24590716142154,83.0419358315131,pomegranate,4735.295530544618
131.57454624074256,60.4275611067757,148.66966490414853,29.429283005545667,38.56054046228884,7.682798220531359,202.2473204660386,cotton,5554.6591124544575
67.46705963704031,140.61280784054327,139.42973738648143,13.381076119852509,25.457500326654383,4.8072944533312345,233.14584548895948,blackgram,3772.262023043696
56.73773983258314,131.7806482595196,36.9285735630366,9.000819342580481,92.16445441702362,8.758186074352516,290.3780830492703,rice,2349.4266962640695
63.96523769753991,62.52598669885291,116.00181729497025,16.5208904190118,18.487909309107202,9.511034471495723,71.90231779585402,rice,3190.4043754742984
68.8258682776463,7.580789358103872,34.59094775479414,21.235418649625963,72.80083964190635,4.961878123724389,137.59801605521002,mothbeans,5344.070388298801
104.4666676644226,143.62312971575673,204.96334387253555,26.6717911894266,85.08379852360441,9.837599154695678,124.15906337607106,grapes,3514.457510421835
67.61347085033319,46.74762174113012,174.02145980108244,29.0754007144259,53.03823470989717,6.110786374747496,158.2342434926986,mungbean,2242.632987275968
122.11852744044691,63.497888635159995,116.9573714142784,8.768372565695724,94.50232116019968,9.27753895098881,171.03129231723335,apple,5463.869799010145
62.95655427170756,90.79975061914463,142.65693407360158,25.94577645998288,54.90598466284075,7.628623652112981,174.97792461523173,apple,5863.653832015462
47.258015498462996,74.89719445082505,139.93616831570387,41.88822932341597,26.398040374992227,9.087309503622924,99.00148410849295,maize,5548.236620008434
77.97277860795681,106.2702056406338,81.33766114979919,19.16849871328995,87.34377329395105,4.90860825775533,70.10839837249777,kidneybeans,2093.644619931565
65.97313622083068,127.68929582380683,93.75896819594576,17.971801806461777,91.05733497469951,9.014011419199722,65.60310528724281,pomegranate,2155.766110123526
129.64868903246995,116.74853560415187,128.1005706764998,12.499108516157868,67.51894358120549,3.8581175066536106,266.11315293339146,chickpea,4890.928012485185
118.93247326697492,123.11357255872173,107.45694861004262,35.63034395854092,29.42438889675146,7.168626928359959,293.5091665516177,orange,3745.7505831077697
68.66697700912941,10.572795651092227,157.6038795631335,13.899920053723948,68.30672677341651,4.048250841900627,283.22913650387824,muskmelon,3750.3433230821656
18.079096569286804,137.44030706746668,147.38074848826102,33.958131105133106,56.948792278701035,6.538257825731094,50.5859055516305,pigeonpeas,5359.046573503951
136.80034659205683,116.52133160212063,87.59841203857752,13.296944054203657,81.53852543793542,4.281144109320422,72.6347834721856,coffee,3269.123106465365
29.887841717808914,131.82167488339604,184.8047454426733,11.577396022221787,26.28582488251835,9.016919289668266,130.90470030262338,blackgram,3015.6300640356694
133.5815217966849,143.6652024886207,166.531920314956,14.586445920878095,32.23041078873648,5.677441545743308,108.44084371071045,jute,7739.166494468054
28.88085411013089,24.032717392108218,89.92748127807015,12.743935458179287,49.76021148318945,4.452130740698353,202.59249098364123,chickpea,6711.452130118149
95.20796247968562,136.37302319176854,132.67430591412156,20.74553693643589,52.655293646042736,9.007361446861037,56.3402486681268,pigeonpeas,3954.422134702596
38.76623656373127,39.84577392704688,51.90882014961062,14.746401266046384,63.42898939636477,5.599862245387659,248.05591418321347,maize,3103.6845070843037
114.69794394010377,113.43057488974574,192.53985323881835,12.956090146454594,46.3125441073695,5.305709623818944,259.32189434819884,mungbean,4930.127721687202
99.11501695737552,59.417733695724365,111.22935267420246,39.28255994534993,36.07944861842181,5.037693923917933,93.16751616206483,pigeonpeas,4028.6479475582164
79.62767435320282,115.69233364638552,144.42796278915662,42.84320798925326,15.176277994999396,5.772852578021061,98.12576350311629,blackgram,3573.8951009932075
114.7068473642866,114.87951972981038,190.8980845534933,34.481145428641916,18.464360591539403,8.858600151673974,280.7841818841043,rice,7962.135155298014
85.85825770571485,32.92421322378232,57.5019281825198,34.09545183780003,98.07942372211919,7.307075209363347,256.46248261058474,apple,2053.3028229729675
83.54140722562087,59.45763422406148,182.95156299463076,18.569366958000682,51.15638836534808,6.878618866122037,95.90479554237682,muskmelon,7450.969204719766
43.75076397792835,29.417476050298102,122.8077881216681,16.898834091509034,36.27386708941657,6.6253641215700405,201.44755293677736,maize,2727.8282273909817
34.604464243232464,141.32474997651448,84.43049998858407,28.964653172085928,34.7726818935741,6.638940961007923,40.605130479296335,kidneybeans,2208.4528755339616
55.812300252577685,24.163244756855875,142.52028578414675,42.751622181474254,48.02562662291727,7.497175269871325,287.70731197732704,kidneybeans,6989.209834681252
30.944920057419885,8.934235706470188,200.92277781978822,42.31370317762427,46.520155011565066,3.6633526051655245,222.17957508878442,coconut,6986.072362914016
63.873606167466974,79.36024855905293,34.2751877336314,12.892008138272306,64.17372743237067,9.804062386108455,46.75766214008772,blackgram,3714.3885713946875
29.48434896855116,44.6040500895977,106.9026540581673,25.878171051214164,84.02932866388953,8.319265284400803,274.0185176805639,rice,6997.410336947579
93.76122109636108,116.8248808532801,56.422932600829,29.63149842286145,53.565696550383784,8.507626465281238,105.97319871157337,blackgram,5859.0717012193745
73.85282454118926,37.060199598424816,45.215637558774375,39.753647417642455,36.701139359260964,5.298254296828886,134.80090511589577,mothbeans,2836.6299628998436
91.64187202680444,19.489650503099476,55.70123778500293,40.16427639251395,71.6150647492839,3.586041881493864,76.88588137140752,mothbeans,6097.023596173394
95.67051128227078,106.39371015387775,184.08074491165112,34.62388797386636,18.148994589742586,5.878387266289714,95.90049178708995,orange,4316.794698962967
35.683473897565705,118.90790323121722,128.7193923002203,37.33522078817249,58.35331220016786,5.912756706346464,276.2730488742842,lentil,2217.513905088769
6.709524633843371,104.38545524197134,121.4401801514575,14.933805013505097,18.219061422178747,4.194577859570486,165.86419291455695,blackgram,6550.451180547697
103.10918922034908,134.54616316244375,94.36684610398574,14.059390370780452,18.11175147841326,5.077343165680032,59.8089060787073,orange,5347.692448606883
5.450719020511965,10.038576041613501,171.31389967297233,28.70074760050587,44.79533596283052,9.223059473537582,39.51465797134438,jute,7881.932436366956
122.22088311377908,52.16793712280447,128.9391710808594,18.00746458788959,92.88105288222732,8.498374278580304,87.63819962379966,mungbean,7692.780275351957
29.5228976850293,38.42203366756031,188.52663818434203,10.733839106290468,50.75770033614301,6.907351598252243,269.8366689570007,rice,7986.177311967281
12.14405816726936,21.386241392747735,148.0383741307298,10.617413958567939,92.8770874206696,8.245856876464853,113.26683325882288,coconut,4177.63267535203
80.83589739863274,135.6902627383409,11.996374703230712,34.92309212395032,76.15454591183793,9.669301922485037,278.7377198084471,banana,6573.395372265158
3.7779050215889254,130.87709409246594,72.62131268583533,34.045801686856315,79.3433940106275,7.663551864398333,129.7728934341132,pigeonpeas,5650.305300899154
106.66541090630687,18.94241076596745,84.35018515992034,11.62665756827383,85.98840234044212,7.021935317990139,212.08552340705774,banana,6095.493019055678
39.73846076845911,21.701941284253742,25.56171234717079,10.712055154751233,65.02031443508244,4.711825431231095,120.4254967434009,mungbean,7172.106296780101
128.19678900722926,74.71132747538488,84.76732296795115,34.263612448174555,20.293058494048182,4.072661651087471,201.24869247058305,kidneybeans,4921.64427943549
128.2779172280944,59.371362874016654,124.28200531692926,25.524381972835847,98.41851638524923,8.81894020708221,273.46308290110426,rice,3526.0405254656253
47.15899957095273,19.5624152513143,119.7445096735152,28.16886532810073,95.89240654575399,6.332453162634939,212.044519557087,mothbeans,5449.823764380331
49.09832584030183,35.346079585077895,122.10280849621593,20.18334416277559,70.53580139654105,3.600142834829222,37.89621761718101,pigeonpeas,2597.966916387492
68.41606731766062,15.85247937101801,43.15483040334393,19.234044247142524,50.06384147762797,7.301199640695067,260.00993905741086,chickpea,2954.9884285319235
18.882478497126677,8.637521121609243,35.56116186365665,29.93987674387367,20.331170491896625,4.714056735040821,113.92338022329443,maize,2467.220385838198
88.83987119479306,99.1368811033806,140.97549744461764,17.287291008638682,42.40967789178931,7.011532000956141,75.48532383242735,cotton,2121.8628070001073
68.87165356530994,120.15504264788603,86.20250723764384,42.46399438703337,80.26208483111148,9.68208131272047,162.98276113694075,watermelon,4842.146793744203
125.52138703495842,46.987826786789384,41.365399248230304,23.601306728680875,35.01558165338278,6.87820103385803,96.52168631551997,blackgram,7186.937213572742
130.3901714089043,25.45269796823205,131.4801790270393,28.753399552459115,24.383498332972835,5.586265880120398,176.50885825524387,muskmelon,3123.0716539309415
135.823025033372,107.14488019174094,55.041421435676604,33.345946782617155,63.452189238500985,4.198809576982494,69.53860664709904,muskmelon,2247.848851528789
58.81883758563406,140.64624039596532,143.92152232534568,33.171017299474386,62.39237246191182,9.737498949524745,211.5048826703046,orange,7370.196509631017
51.79020064261715,120.76934725536056,36.263444279847576,20.033451627228132,76.34748921928362,3.6004475861916574,100.44784116238311,watermelon,5848.682976528258
15.470189171876601,121.12252956663302,125.54596010152036,14.541833718947705,60.615043153526166,5.307992555822979,109.92391905507806,coconut,4109.168249581282
138.03463581619843,9.414847938371373,137.4993746368557,20.99296767151007,69.55688502141611,5.779988819760536,207.30267965996273,banana,6375.413056810165
30.277738064267123,74.14917036293637,156.2033164930364,26.238570500307333,38.565802881752745,5.089738295897204,230.98376493112085,orange,2709.42905435758
44.13927183454916,13.477315873776483,142.36424319845918,27.873913198985438,44.050559691665775,8.013209465071071,169.38545428507186,coffee,4815.469675223238
72.91664890266013,87.65652159154686,17.01703144454629,42.05156899188472,54.02775147162779,9.429803354234261,22.72665589048543,banana,3485.3503738118534
107.74626482966802,49.81750694325957,173.09850168314938,37.13348780005499,71.43035218136501,7.761003542681453,214.64439439633153,lentil,6042.583007778647
99.76465579566262,14.741449696101064,104.27287449326141,24.54474145227012,40.72050302600872,9.07059308762944,67.38043012263888,jute,4114.776706395439
4.259124015059794,99.21305603449161,168.27954527231412,40.629374359335856,89.3615110822677,5.544058347735586,183.0092312877808,mango,2463.760958902795
84.3144300887452,142.05185370539283,78.01632664675539,24.030833718675623,78.70308404617572,8.57328288359244,84.7831888313668,cotton,7578.806517846337
87.82542573324399,63.808773741122586,17.22923620953724,25.126579106848258,83.94752629787932,4.132018999562805,39.3465335761739,cotton,2921.7891223596
32.70674378692621,80.93515499757592,49.44144139919639,13.142305948521223,63.28960438025006,9.75583538112365,85.86747106974512,watermelon,4132.016896130912
64.12204740423242,126.05488536199105,190.20148352065013,8.833211514042006,18.433719100897612,9.635957100214,97.05065064868614,papaya,7240.216637896512
73.42848626281327,24.179556006655442,118.02919411138876,30.00212559659974,87.76727037141157,7.0257304049252465,134.17721206112802,watermelon,7029.7471631246835
90.31444872211065,127.41418522239333,124.74702256581284,32.142579699360695,73.18237210920702,8.010636715777698,109.24173741216015,chickpea,5453.968377630274
125.2599746657858,135.00488614078273,200.17866757917974,40.86784567104571,37.382395684993114,6.76257180610248,68.7764817147496,pigeonpeas,6837.257931034599
132.66490935668674,128.51773903274068,53.876349268367704,11.34578077059441,51.89621024922318,7.828940713559933,68.75802669114444,muskmelon,5079.275950590489
13.615590219774536,124.78787541493273,100.99661310579835,36.950256842635696,84.27294626663246,9.362348808717297,102.80230313753657,mango,7698.796120772018
116.4612218102487,18.374985310630294,27.25224946189368,39.54631809569701,60.509856293489435,8.100411306843128,82.63031193778733,maize,2997.64621029265
8.509363608116479,130.7591590561313,65.88868979807481,25.505182910753977,50.322261052263165,4.599741164268264,119.56482885967068,mungbean,3157.606617756772
26.18795704369325,73.4624332485232,164.5862735022631,27.913951181643434,90.8157666153724,7.573884726891035,211.63655214586404,watermelon,6005.643378362019
103.2968774177688,80.30475161790164,76.01279923297683,42.229164177353866,74.53133092142474,8.820901382829305,31.188631024320728,maize,3415.520662840302
109.23176832650526,110.8223811649742,167.72720476036613,8.156859266393509,57.106014494343086,8.010951664110955,63.201513789446295,rice,5898.744365075749
60.36805410225406,65.75661887684132,104.64233734244874,39.24907191921338,83.2382132256717,7.575013408872908,266.1432357755216,coffee,6070.811699027739
55.320875189669145,96.53055111714121,92.60635662689393,35.15908680624608,75.85709151158088,4.309772249914085,33.57797128316681,lentil,7267.6493839976365
20.76748530075983,8.09865857813653,130.66727305973075,28.3829697105422,98.87371531343199,9.176367336429902,134.2144033396929,grapes,4229.51504547521
83.05328101915842,80.45469670989894,137.61077274722413,33.91626278306556,51.915774395197886,9.185189261754449,245.04056119411402,coffee,6712.526555887159
138.26340843185935,57.145372695594254,96.5253265178882,19.360253070784772,29.72833797710353,4.416254129776506,282.7320169905773,mothbeans,7920.864090792535
21.048422462447313,64.29337292214316,42.26669526888146,20.735813776940915,25.10228608792847,6.4216752430194575,95.53110329505408,pomegranate,4111.430334551965
112.13802158786302,41.31376294535447,121.39396150236286,23.529879932664517,15.895371515416544,3.7578000522641375,249.9408173535052,blackgram,5646.065368932343
132.20929168604505,29.236103630038283,56.594167931759706,34.48586773824695,80.67022960438193,6.091342057210653,284.3720048309653,kidneybeans,7629.527466291023
106.47028061841357,78.24492137753009,189.8475401628266,36.87636187181766,86.57410704724437,7.807258246163535,104.67322529025522,banana,2213.778772340836
92.52530755144988,82.17378453716647,46.33458755781516,19.91160279537224,65.33161871091079,9.419182434773825,275.8646253893747,orange,3727.435426384898
42.56983986923598,6.1976678165438255,171.72151173764806,11.060144412277486,68.24492983150601,6.726079659776566,166.41964178152563,chickpea,7560.27707184664
137.69287294354223,38.95552625721198,134.16217601024152,18.627877600816035,91.29044577050556,7.29850810952873,77.6786970884989,grapes,3572.78630267257
5.670096107468732,90.77359416352711,166.22236353168097,23.322983594617074,61.6939377520637,8.618908505919372,189.72071638362573,banana,3348.5614259529166
8.119811623983999,81.27227695863677,21.560854942909152,36.97019117268528,68.34834202354247,7.06459221606687,57.10438324256521,apple,3724.742681024498
13.92462364330658,58.28063179293498,158.87582929263453,32.741885528464664,17.451987382225276,6.998203286382365,44.54133764521782,pomegranate,7975.138575068974
63.71255325489709,53.644085081003155,130.69356995736,9.501395384775009,28.697854935207527,6.269605562310398,119.05048692341617,coffee,4349.791735722903
45.15829312865757,64.42074444006107,34.113551730500234,37.08986375523839,43.98801900110075,6.06095714499741,268.54718233119615,kidneybeans,4979.742884379028
23.546709819955648,25.137974352700212,105.67559058884785,30.35253160120939,28.71116795786824,9.006756275766673,167.89974706841502,mungbean,4465.650999323885
16.00523597667753,108.64267070583745,159.0060937403033,41.915453722604994,80.51396613786122,5.057455961815032,31.152408764207294,pigeonpeas,7912.624306217961
119.2635485803784,92.63091599072312,189.46511564418657,9.250849310461364,79.9382522140613,7.792545461338084,33.78462180567262,jute,5263.841473858876
73.3701425109386,133.0742366070973,199.67583915502345,17.17573686430798,32.305166302552585,4.015305974985676,176.17980304007438,chickpea,2081.6263727040096
94.11829240824103,143.11654714294977,187.35927975167658,33.10536271506998,23.055185810011274,5.032416597762523,71.9440274080138,cotton,4132.769841533872
30.665370629888187,15.065918612049447,148.1347553710679,21.67458927408383,79.88287992416703,6.349886543201347,116.18867080629285,mothbeans,4707.232449274379
46.29839037590354,7.09411924308097,16.009592598842886,17.872108780959543,73.30071379455343,9.302772087349073,286.54591688902747,mungbean,2155.091983040441
88.28518603108532,135.7817481310209,156.43332508250393,11.62023083270668,33.87901761039023,6.02269090933444,67.28971319935712,orange,4969.469628659963
127.37260605302667,136.36720836700425,7.509639837781785,33.46025080954186,40.591865341522094,5.898107967790013,150.4106270365142,chickpea,4560.745821047117
55.98021731921017,55.51295567440517,170.27184203500082,23.824866929285662,59.03771257304319,9.78766308510128,36.67423766924157,cotton,4927.745838744493
89.33533296855296,87.32766721855418,50.88239824692126,30.57979642867404,42.797634453554224,9.385176722005024,201.73418578727467,rice,3669.078060249816
118.52137862390622,51.96495316557065,110.08811403047622,31.78844906380329,78.88952313909978,4.612909920414367,177.11234070028635,apple,7473.199402977209
106.5130558003508,124.10925356829549,56.401246444486446,22.24821846553069,56.876952658865754,6.913291793618793,203.3382675623672,maize,2249.619400131928
118.80789182093694,111.21080298394261,125.28531704496015,20.154703220669447,30.08497436956851,5.725696133853619,208.98553172663867,jute,3578.2267945101985
54.147832883435484,112.18260893074843,181.75741245202886,32.4779834883842,43.37779444024093,6.272333113445679,59.851342826934555,mothbeans,3008.584686599659
19.69735934050448,35.75445491925904,101.38885587854415,9.486481867094398,53.77792274253384,6.181221389312817,236.6554817588174,rice,4129.65178693545
25.307788702126437,87.73813589553889,22.939859401650928,33.68523943978937,99.54881717332955,8.742487281610448,174.48558432024376,watermelon,4908.448144398152
29.84298833486714,21.345415402121194,88.07868599375968,14.530301382259367,22.807837720287267,5.434891092946518,259.2162040974683,blackgram,2102.8889241101674
107.51125722652156,124.40941014498296,160.77852902051436,30.08730223586937,58.20112007694752,8.035707450967337,128.65172669628765,orange,7047.850108998211
117.27388812372578,35.75023602717398,75.2415136772826,8.720001264069344,98.01576622410639,3.926571501619461,269.7054724468603,maize,3877.926285082728
48.49590476679933,56.706223634750266,182.74715787732507,24.252961206371438,58.38671424141386,5.629687778148348,96.91424392578477,chickpea,5935.692265030352
43.97083269877858,31.898105808261324,138.41721026710906,28.108820008417204,41.11203813423537,6.782948788859131,88.45391413532623,orange,7182.178754016153
97.89398293436633,94.42127723438084,111.44696953533959,34.8943690089912,79.18264560613027,7.454298585998438,238.7832431809814,watermelon,4005.5802486752555
68.95444934135237,94.68701686807641,87.80021033626662,18.458904114703373,95.75917386000805,4.238497465663512,116.2974119179303,pigeonpeas,7394.533759763559
117.05579268987627,99.93015172506833,141.9088866062648,15.600436672187275,98.64547991825097,8.886721339337528,239.3433579078731,grapes,3981.291350960165
68.60562890167867,61.68503355522928,39.04988519234842,15.09165866938475,92.97403581284047,8.992990226278113,75.33431701805796,grapes,7253.975743457081
87.7164850446776,16.37927326489713,181.07392525182362,9.802510481291344,61.72508847559775,8.490153761154463,52.48005672216937,kidneybeans,4426.881605001131
3.115049269686334,105.33990534426975,27.04658174424654,35.62828717116736,28.45681928324548,5.710856869155286,231.63345743585018,banana,7725.38814485853
134.10159838286063,27.09212278359321,83.42798502322997,37.54491610089162,83.39093982112364,7.49869252693672,94.88445556634892,maize,3704.2117439046656
28.510809757258837,95.1597135082663,203.90102084411174,8.420320707949244,60.51910394270769,7.171466224313662,274.15004353126574,mungbean,5036.032008601625
66.03139218597441,42.6466026386074,16.205826649782736,22.303018877344265,18.522866526698355,7.0231518045818735,105.42763282135749,cotton,5201.6144091525675
61.37864105826761,14.275657573587992,196.40138356387092,35.75716023162417,48.25469163626713,9.78732834318572,116.05893859691807,watermelon,4232.721176048172
38.408634061749936,102.80000791830258,35.57006079010118,11.780886177535372,59.999508650517384,7.055159567324168,49.65010935705399,pigeonpeas,7785.057566786906
94.74313781518413,80.80082672537829,8.693180978647192,10.169126259633178,90.37491287425725,9.060773091452074,119.32131631490056,lentil,7346.303701583208
91.82842934747629,134.53457817316314,54.54605715483176,37.93318766489958,93.15973014628725,9.27281663660737,284.677497724831,grapes,7052.651732775652
34.17915491296689,32.79733649519301,110.36058377118731,26.802286278821104,51.82458345365901,8.440109736481629,163.62992340255155,blackgram,5658.172730869905
3.503514218941326,84.89018555630626,181.83889424567386,8.608606002390188,48.84566092688265,9.427855681317311,118.1769238345455,pigeonpeas,4752.372945201445
99.73077288199468,72.83538735759053,49.913723855350284,26.80472462919568,95.20712289660196,6.123430324278219,208.9401854899091,apple,7868.20513331411
2.365069710012584,72.1580227546964,176.78246521912828,39.354213684155674,96.23545294854924,9.1292047207218,181.25210837287133,maize,4667.633595416605
132.01376366298666,129.57159128293455,109.73193241257573,26.79525503078734,40.567150065167375,6.408850496451081,218.61668131515185,rice,4414.584353886752
75.72034103551088,36.54716760360592,199.85751120252002,21.661896990418395,92.231187558384,4.943545578263196,72.60010347500585,banana,5701.406774238424
79.3470389393326,37.17139570473631,12.578872576799212,29.64010874168518,25.269201381437153,5.69632887700692,207.86816152060234,apple,2588.1406434975916
70.17366683954945,38.48475128003267,123.01867989760156,23.515009512773382,52.418053815129134,5.821514547023895,24.706359974298746,banana,5132.571421488734
43.11211907267048,44.00796663256598,83.68963064472716,12.614819637518893,57.66080891861726,7.931618256116032,195.19158819717114,mango,6822.529685415144
63.11140308285387,98.77018044483863,58.77662245586687,22.360433739095754,75.04288015794607,6.78158170784646,278.7368272493568,orange,6422.749795384864
47.402036071820305,36.38411874456625,76.82198859351942,16.06311878281084,63.8288842734523,8.60829313675421,238.67843101857673,maize,4187.005787292755
30.16798707201786,88.1174370342198,18.439419620542626,33.00895955075018,74.46991472272336,5.771782598311393,268.16438762988264,pigeonpeas,5013.086849234765
70.56532106802602,100.68338407894704,122.58674660685291,37.48248757014338,38.472232219497826,7.183041778472735,54.25923770672551,pigeonpeas,6141.264660196807
32.58811970053034,134.30310826458583,153.2157609085592,19.06355536239885,79.64715857887305,3.641695699416777,166.3738695943769,papaya,3502.0073824080387
108.39017814329023,89.98401161383653,9.537368436489508,40.58577976748479,73.0160620882945,3.7188508794956086,247.63554598152476,mungbean,3201.5969283079767
10.31677533186086,136.7995832769381,103.79697693841713,10.99335811516378,88.70645572602446,5.284532306034027,76.60155497423403,kidneybeans,3685.624630053312
65.5049539384835,18.000326212092975,163.14962371549524,10.641727004841012,19.899684700982526,6.939256591611956,64.51565077132997,watermelon,2046.3816040420938
55.23548915393957,14.681397694886906,74.59017228619848,14.652989440994567,70.05260517844289,3.687277498670926,101.1565319583144,mothbeans,5271.0410433957195
4.571704843188364,14.70427659198436,56.513545129903385,27.036444724960162,77.60139879120939,7.3720195925634115,129.01154368632712,mothbeans,2709.9444380188293
93.76764633454417,50.320269935187405,106.83182584193176,31.583495101728825,64.64389544745461,7.188195797015643,38.25927231281761,jute,3494.460993029551
37.19498517039722,136.0119764141008,96.58383343992418,12.465693375058201,51.212622657883294,4.313140801523225,159.70380822346687,kidneybeans,5367.653089137273
129.72104840003763,96.27360829778384,187.53207918011114,37.171523558801695,73.13209013306113,5.779077756921341,87.02870445649074,maize,3334.348613072193
134.20033803811015,106.47639229340325,181.75919681529547,40.16486570776712,57.99383290066085,7.525982020001102,136.41375042181966,rice,4510.944585711579
109.74773328221272,51.54268055466936,123.26851795972834,33.04737326234358,90.45762212135386,8.84903959329408,189.10990981278957,kidneybeans,4330.359082303321
107.62287107303236,127.85637595832623,25.756385635334375,21.469969187256872,80.74602746356105,6.2625712806013505,112.35931841042691,mango,4467.936180939618
35.05590394118964,129.36919278665584,156.12226636483442,33.511981440332754,43.8025319996631,9.18101160806738,197.3582669153142,jute,7111.036861176814
97.34611690335939,108.75498582815531,56.81964107642225,20.04349174104078,99.18056382186407,5.895292594244699,231.5028647481963,grapes,4716.35255977964
107.6632534295707,98.48584352779498,175.95566925911584,40.87264732071898,63.87856555887922,5.019801006225572,130.81885133705285,banana,6549.834281079759
24.891767399134825,12.173535760499458,141.59231870841296,16.78776584102709,56.97164096069859,8.279179344080603,176.4213650224606,mothbeans,2499.815498670778
103.990716864958,81.57941904739288,56.32536078304557,31.488156107357156,96.38047937655273,8.425676587465041,187.91700304789953,banana,7943.76864959514
65.59657297080612,126.42837065829575,174.75049333376865,25.90318451120058,74.77514292760674,4.733612866641359,211.3742839696805,mothbeans,3634.307475579737
129.45064699828188,19.503600999647126,113.5976807492811,18.990277384572906,37.34169064669184,7.633343052268137,84.28386859470807,rice,7498.190640454374
132.65321727717333,10.77776463244706,188.77057117662085,29.317857925735474,83.42902986613849,5.956799701979376,151.17234700485662,pigeonpeas,7213.104510806984
136.2601869914855,47.353715768659775,143.70278471499384,8.311947446011212,30.22230986997495,7.9113560477543325,38.316624729634725,banana,4811.060299518947
49.713267290846574,74.39258816491237,179.06580691081885,35.15515035305282,21.22309711946767,9.19797886575721,151.15126801965096,mungbean,6463.17286931599
63.16350828037212,126.18926221941145,35.16588753220573,8.450013694094125,23.458214275825874,5.827418331722283,181.28777985758245,banana,3158.0728039153555
97.42090632381789,73.24577316417616,78.04339102679707,21.14553173376838,57.26406600619306,3.994813996048989,209.680918677043,grapes,4109.045264055812
73.21822314683935,11.051241198489059,73.49999860162748,10.689731165143197,47.79322178610895,7.787528589832468,150.6293944355202,pomegranate,4302.3330483167265
129.8687207273503,34.608704105169025,115.93835056945491,12.40435416797842,52.460944527403335,7.147383658539791,188.37771176414182,apple,4193.1727814436745
63.98032331277169,61.02036541983828,123.57040097844431,25.194366997150023,40.09964193543423,7.077992241697611,206.12060428109308,mothbeans,2160.158951521126
8.075659841696128,31.09675796953555,117.10174681559462,38.316612034295325,89.9212884102097,3.9476416648872403,136.51121398770442,muskmelon,5498.038898027307
62.42935439318798,14.728155465371419,101.98780611655266,24.412999520428553,36.499343846997945,9.398250237807595,136.1462684901152,mothbeans,7184.694777178311
8.005151634237313,88.574955200302,118.80931497873483,9.248604572618632,58.16289861447358,7.4009299923835155,73.17950242818581,pomegranate,3639.9774987479777
133.12760834069647,33.99588629694216,147.35816797969008,33.983331123986005,56.838364412624166,9.245077415043628,288.65643836602555,maize,4173.478712323096
15.446868335528414,8.847927276111934,59.73910319326978,17.42710576713865,84.46141356183897,8.048270374034146,292.88742079829996,mungbean,6269.077401870911
97.84987253233037,144.9242694060963,147.02837651250562,34.65884745931114,94.6993913063623,4.227368072394773,215.93003357846806,apple,7104.835747804694
52.28560007762685,109.0029306005691,103.00850403391546,23.05799761907287,49.00097563595075,6.259081519011439,289.07276668176837,orange,6088.442360230626
102.74038182877915,51.237434365208244,30.14298155693524,24.63761251094772,78.58805188590361,5.917023429678856,261.63041148916136,blackgram,4321.716224526559
23.694663642005235,20.197750088170785,154.85807210985004,18.68054156880514,95.82895177355232,8.071635011906388,110.83818113356259,coconut,3737.2564867622295
78.76420893579909,83.34609192963475,38.24306037404816,17.840355493987545,58.834731371639165,5.273960733917575,78.4586163702428,muskmelon,2526.5363346199765
29.976274077810977,82.24951197517451,200.83064795029773,10.57056418520165,38.416896371141036,5.055184594309311,89.09670838882792,papaya,4272.238145392264
28.310112244256263,81.01299131273578,132.37979443309607,26.26396160273457,51.33056990093508,4.7286432374991225,155.72498185738831,grapes,4407.288966267974
139.31330596584536,29.88544850617509,114.28428484278776,12.190462989996282,94.34433393220395,5.367233078851744,264.1784699720592,lentil,3698.458635502261
75.51971204067308,125.498284555901,24.521999645941502,16.415594728656828,48.96229499428313,9.04138544268763,281.00956158961765,watermelon,7956.347717561767
65.08061379814032,140.76639597623918,44.317384582172046,39.66234494902323,15.188709552384543,6.989940495140848,137.60856561318013,mungbean,5150.527072831876
54.46438956947953,144.7476985640533,200.30143806012518,41.66108818466083,98.20131407438656,8.575279352124152,294.8281531693203,jute,7354.161351650851
76.09563328227993,71.30830576784534,195.9234743008108,13.455112865547699,30.27443381889135,8.671294394001816,92.51104024695243,coconut,6795.362637749162
21.266847138451546,50.710537525877804,121.52447163564925,19.092515114878267,66.51321079688644,9.687854286365635,206.46418913953573,muskmelon,4175.95619771373
112.02215313307148,94.84318627396325,138.790328352125,37.12920100895521,63.34886995024886,6.482422491859283,196.98620782972637,papaya,3787.744573750155
86.32229732997449,37.73877167196687,20.983021869321345,8.019396460483886,66.31546852040577,5.817752214273516,229.14244984722077,watermelon,4251.058389878615
87.1780554726116,26.59118347674959,76.35420941731208,14.211552945761888,39.383419338678124,7.437927524949451,124.32380095007622,mothbeans,4364.357119015143
75.1002555505289,108.89296295815423,144.2291849877082,39.17375084619148,75.6044683440758,9.886462132662148,116.8846123531823,rice,6997.986453436508
125.19958061571494,123.54587737930552,53.32485435247686,32.21109994138152,19.604791647159804,9.664386492991298,117.0192500279358,kidneybeans,6991.056635508602
67.03659421643542,36.964824331571975,81.3715250443665,30.884343643581918,20.54368593606356,7.36305228941592,278.8804830517337,apple,7102.176725947103
47.03429474737184,80.9574541287256,43.39280182463052,26.808839883167764,37.99102759905388,5.349490587147518,225.37195207190314,maize,2177.561621359615
106.02278334688256,87.05547502573891,161.54714207203838,34.11526763393758,18.351719292475206,9.21207308220257,83.1148499304707,watermelon,5320.3546413785825
76.50535914009771,52.83833307528775,60.39791507744185,19.749723680447744,68.94348705265325,4.720582465470687,273.7752778409102,mungbean,4796.687149636855
116.86331366877546,9.638684707049524,58.67567305542955,24.437692474094227,20.587911002979062,8.017802683690613,129.43842910746812,maize,3636.0079416088643
100.77624364499351,121.73330324220065,84.00810713629969,27.747629196167793,33.581049829945464,7.482064936192852,23.374213411625746,pomegranate,4931.863382592551
19.2924182753775,98.96605710228542,200.83529944001168,26.619043051593348,32.41128028722883,7.501816005629428,162.59445320597663,grapes,5198.841581663876
19.09395501071475,16.536620841766222,173.62199131528052,8.371259817961178,88.10251537274614,6.388113890376108,21.11902752140387,kidneybeans,4409.8710632722505
87.41606824610282,100.11023058903052,102.50551408099997,9.41818339038845,70.42707717557937,8.889048215075336,220.25014909673962,chickpea,6979.747513731912
97.07076612445942,104.02118880381497,189.48993863672735,32.96074940650692,64.26419795302024,9.276144249704274,250.49870424225466,kidneybeans,6300.658729005358
65.32300228098673,130.69635114419873,34.919531229511676,36.909078435422046,39.05204154864293,8.674951484346227,275.83539293322775,coffee,4564.963231965921
112.31098465598225,79.12760353311516,141.88980969263943,29.799023293641284,27.148440725452485,8.906658305853195,74.42548097285186,pomegranate,7593.692864424685
61.13892199652892,124.73225086816963,40.53118157056778,26.622819973901397,44.63590975343237,4.294750430908924,33.873290013229706,rice,5335.228307874771
14.482456337010888,53.65899936264377,13.704037071152548,22.01558292581597,25.211392079212626,5.739187780480986,239.94239301103897,blackgram,5758.1860668599475
12.856663099722459,91.68095230406263,37.74193050181007,10.680522035156521,71.10365750152627,9.337183346054449,148.0449754222052,grapes,2245.975463648684
83.37036408019308,106.45932824501286,94.06392364475037,10.112804523027007,82.59354405612181,3.7239925840895083,214.78287643082345,mothbeans,2137.529438897822
97.41525234333459,86.26009532807772,143.6923158126335,37.0264611021734,16.966469282699073,5.584863065138544,286.6934920890151,cotton,7696.017851149545
50.24781873972429,84.26867529100033,52.58483244899669,42.60297942199044,57.074815990866234,4.7426372954528615,152.62455637970174,cotton,7198.490777148945
128.74703836974123,103.39853900475889,158.71927889805502,21.196272536448845,92.18922328402827,8.552210894972095,228.6660667770353,pomegranate,7825.64170203771
85.53631055142337,132.39015785681028,163.1777886371905,27.718263537896526,20.5543768910971,7.677430013156309,166.3824448092629,papaya,3105.0827689077587
103.03260824125113,81.51023994570363,195.71470748245946,14.409738005011945,66.11887691675255,4.854125661251144,190.71006575421674,coconut,6335.898214165139
1.0044213690635373,30.383831407852707,71.08947079967218,26.83764518063031,93.05784016171496,6.958091950349154,216.15778449928695,maize,4146.062547834645
57.040991387260135,59.60535887160271,166.95074348713277,22.265941684126343,16.27508747131648,3.8716053689029843,258.0358435902705,cotton,7763.604860075127
51.01156117401123,136.40404421126183,137.56061727514717,37.55167422197682,79.8632981471828,5.926491620944592,153.07921183651837,coffee,3116.7929262085972
101.42445925519765,70.12431753192936,22.301853787949504,9.993178204445687,46.19199855670543,6.468459000113044,189.33553297529653,muskmelon,2038.9371283219832
50.95144367656601,123.733252932157,111.99334113308088,12.565380908667127,82.59063751796889,8.042893279487206,166.6272316103254,blackgram,5087.3185480026805
130.23154237731436,115.42839309256019,96.26964821404951,15.190198743513978,31.894893494237106,4.470770229546733,171.96857498434437,muskmelon,7519.799137181855
40.22197200514707,102.62403564154211,124.41960312207556,25.11276409067089,71.25610336783555,5.876723321472442,282.56676747597896,coffee,6232.693206238022
33.93909330085035,28.60148048966672,83.8681586188646,34.83353698676539,94.73644823874575,6.23491088623365,235.21558831421214,maize,4822.445716800858
125.54519104582906,133.8001168649517,186.54506862586854,26.452866306013853,32.86974491589373,8.607498130155651,79.41220700901697,orange,3603.2436605394146
16.968458832036973,30.76418105554469,195.87106906496888,33.83590049938164,77.1588372674288,3.963991001632349,268.89307688308725,watermelon,4662.412175351627
23.37634231415756,85.58079759777883,97.66578030925461,31.10604245764349,82.33790402830321,8.30836669217393,281.94860627708,grapes,4389.538454942069
88.74214244729109,125.44021707403685,201.7383716834353,25.63367796149911,53.195162446085206,3.9847337298973358,23.54142624774578,pigeonpeas,5652.812554990976
85.43485696057267,104.17025104541257,137.0772880542688,12.000313839983423,39.03278379830559,4.328970303362255,254.34632776950056,maize,6481.421932133139
64.72702315288255,117.55427625273242,27.48808234059714,10.959100291434272,17.805007135531515,6.929298172476431,216.3324137771793,maize,2783.128396535178
95.33691008964692,82.36884145608714,117.71566855530976,33.74941268571888,37.22021337642279,5.757718181484517,262.3150222045753,grapes,3853.1912060729464
63.72566862679663,69.69608917824533,90.66847806467312,26.598940744871275,37.52824703203588,9.43144821193233,156.283962646418,chickpea,7052.046871031655
45.35147682250021,90.22226756187881,180.24465862632817,38.93221103730053,23.330857676057704,6.241441816404164,149.19270382325234,apple,7865.692205142519
27.211670257259144,125.54771277046281,55.69386894313268,30.17006190391376,28.238462297340448,6.091447484613354,270.02130039052327,pigeonpeas,2996.3866664116426
125.62745517962762,45.38416905853798,54.80399242135416,40.87191014890167,83.59514196079951,8.752003795630046,74.2638803687073,kidneybeans,2859.7759485856063
5.224612900509018,112.62597671439251,172.41990035778048,14.973286721994093,31.32418095815264,3.7690329740186925,289.7667027363115,chickpea,6843.119408703375
52.69188782175747,47.152205265129915,26.924997266000457,25.146294974578872,46.5673970466382,7.947277349166593,247.29128405252985,rice,5265.498286973831
87.12079261726983,69.71233522709235,192.13437261634516,21.71628723275697,48.646453566908946,7.6649496946023055,166.50216869474698,maize,4246.699265230609
42.715286629691505,87.13002174238882,187.96302983824555,19.223265417799745,84.52239271482655,3.560640840074858,21.013783374140004,mungbean,6558.269962033804
110.45680629932113,135.20375730434273,28.581262364056844,16.11947447442909,91.72034315214745,4.634311665743062,209.65973638629035,mungbean,5182.778000244893
40.736570804841165,87.14536676445685,126.00619353704172,12.264368897407106,61.18244751901888,3.576405119706768,159.33658888216425,mothbeans,6185.131331648449
131.4195142983838,69.2257744785236,192.68325512481238,11.758944829189637,95.69162312007998,4.198861436322219,148.2958319694714,rice,7627.952400361194
132.0428273444615,18.91358905312042,175.96683024746721,8.010840617025208,89.87617417390295,3.6262062861076005,230.67174486600825,cotton,4170.144867801518
96.00177315059548,103.98474432473711,51.51605452225609,38.82638433198514,60.24500108735529,8.985338738011077,95.32339800337273,maize,6532.770278589476
55.054505070885284,35.41268644294085,156.81819227920542,35.450314667605426,93.35176862007557,5.9074567067588974,160.73798219025687,chickpea,4178.770657076432
5.45879665869931,110.09649058842106,194.83677689455365,20.203845114473832,29.458233515090235,6.9560100039384665,215.96579405187205,coffee,6073.42936716598
117.15548521641976,64.58701873863414,49.293716606374,11.019314937208378,49.83784388768222,7.4550274998227675,204.97500314411914,jute,7776.42146838354
117.16648234433168,98.1067357335584,58.360756418450265,12.096451894095523,15.38105875048978,4.184868304668294,101.34181132745609,lentil,5310.740381476974
97.83722981119072,130.49458433204364,94.68324159381105,30.99164370859148,78.04325586084911,6.4052163720370014,43.19968817510657,apple,6628.6386145661645
100.50801624118336,132.52252919343744,74.3937996740037,11.57216247982394,34.02630312201234,7.098602010402512,282.05940858349203,rice,5073.696379316701
95.5698522023085,40.397068430470604,83.39622258139202,30.607696468032838,51.53791204046281,5.103494777159221,112.97603995217428,apple,4049.288701539058
123.0853968248205,81.78627896455546,62.03125774833695,40.72804113764736,73.41320109008024,4.91248255779563,190.87057457679302,orange,7222.152987734147
34.26628110641826,95.83876601723208,128.83187454404015,36.7295282252541,29.319403341716182,7.9776618688087035,27.609052413169163,coconut,6177.051803814606
114.95100084255901,129.02358326004423,51.936706577050046,11.971117553366916,18.593833786367913,7.39310472794814,218.86819307505715,mango,4236.859935219233
99.54318046431418,58.47589217832623,187.28586176764017,17.706302968637722,31.65411066929426,5.831033175849624,200.74342936530132,coffee,7170.067917167041
113.93230481642283,118.79527525365931,122.38387131801721,34.6226778852309,29.641740041036513,4.585350405252566,259.85840948778616,pigeonpeas,4988.890623407402
17.87332889752275,117.35676247524114,118.10637538481151,39.555496917345195,56.610554423618666,9.525124299634431,267.9393608180086,jute,5458.759138755404
64.76164613092261,89.59373497359383,72.8331182084649,18.443682265445823,17.55904083017603,3.708651341129264,97.47716949618551,jute,5183.036600537258
24.76084969314819,97.69782883959483,36.58927448435362,39.645728938462625,33.83457952688155,5.364974504244767,256.5519575579779,grapes,4750.805660874343
45.70957265229578,136.10389464971473,83.4524291535388,23.365349691986328,82.54740795539173,4.099285295663723,70.68310395903178,mango,7843.041589851288
129.54592754098292,127.42221434886234,73.35152045971256,19.401884187517897,17.0175345646018,7.668962295685867,168.703530004763,papaya,4756.078227964048
58.66817581283335,100.54669306690452,75.6796706815309,30.003447434440258,90.13431309806225,8.603188920156656,126.0878785350706,blackgram,3727.6193282224085
105.0117704928127,33.62318567255421,142.52102019875863,20.224271704667363,58.01718741697969,9.476749055048447,30.383754478795964,cotton,5001.587044864771
68.0689890855282,108.42862336905205,152.44975775134733,22.9669615090586,24.701909725441205,6.893118526509589,126.04839979028547,watermelon,2827.53793858222
32.58915582124706,42.09032407113684,49.253999725176186,14.853876709930521,25.233661150759094,9.477306443489525,60.08467096591055,pomegranate,3226.4226485932168
133.9766665594435,69.64826260358079,10.885213300137849,19.894495030243238,64.2662726336915,5.602831478509573,27.464843221491563,rice,4665.867592800412
109.01130115048731,129.5996475613585,190.62643720308878,16.334272499971235,50.451778898557365,3.5936226509124483,264.4514212756867,kidneybeans,2927.432908848605
5.8607914009259865,143.46635797276127,14.550388215679305,18.091949972814007,56.4574135273641,4.417109395291681,57.487288780205226,pomegranate,3537.876279565675
51.929279515269094,29.169689709240764,55.443678653674404,38.715943060649664,51.500232973482625,5.252307144972238,183.83606907025228,papaya,2852.6417589954945
76.4747154644044,38.253225858729635,140.82554748017466,25.202195579083288,80.39106004190342,9.5687650286238,52.193759238579354,papaya,4007.990059907269
28.569641867023755,137.4194952356997,21.83408731204077,15.408478945157613,20.942204194130642,9.774466231324393,275.3189555289674,rice,6299.789538592466
80.33586030174,42.14289181685865,138.50965446686743,20.652095048783668,60.85910244857323,6.620418324985119,125.96665026832007,maize,6313.26788236481
81.7906069809925,59.198325058119835,11.873641180269608,22.094545018118737,93.07917403864646,5.3759160264541475,109.74740426333837,maize,2395.645328355721
22.283454827174026,97.0459916398615,179.02860111034744,39.23491621376138,69.36167942044321,6.863131073339632,112.1272783796315,coffee,7880.002493595988
100.20416546006541,78.05043439922818,109.11996336059622,10.579843653528533,58.04872500132611,8.76556179865276,283.210199227221,coffee,2640.0943848904108
79.56861511175457,129.64374873273985,155.24880603697432,41.78416542078596,96.56279823205168,4.944384597409413,221.64754238831736,chickpea,5183.138548189367
27.2816715104361,16.351807777280108,164.1090552837378,19.357667321700333,87.69931983829112,7.393218342548574,207.27007264509209,jute,3750.04249766118
29.104022068712567,81.26914615181396,202.46310983972572,35.720672277904725,99.42960507585964,9.697109213825083,156.0919927021749,coffee,6178.255099223395
61.76083550655226,118.26259591733765,106.06706419542869,32.59446614860312,78.13461437864783,5.1222025039545205,263.4444256780332,blackgram,4758.934585455074
9.453946211622819,65.02661107849056,179.2507811640388,34.93130980567006,84.7300227198077,9.72267893838293,127.65878381194652,muskmelon,3857.931646282767
15.343701846917783,130.3623439273391,12.093917068333312,38.21155719288197,44.956691139951374,7.591768086408997,276.3715232263205,mungbean,2910.2396930233904
102.02646499142497,144.42094256029827,164.41679108982072,19.96424105663509,91.45090345403047,3.8275503082765403,221.55189719635277,cotton,2139.9339893760502
50.52388774920298,119.86991294299344,80.2173425671204,37.40099577792355,97.02780217090259,6.287431957882665,175.49907533382165,pomegranate,5771.836939781407
28.460537761033862,18.005960029176713,17.633546180606213,17.371308293883956,63.183311218791815,9.673987561259787,263.4047499091905,maize,7255.603552671949
58.05102489132855,131.46869905124814,77.55103224023532,12.375378703144527,26.38575079244616,9.201488732849363,294.6662359117328,mothbeans,3733.6271034303018
80.07757594816177,126.9420002351249,134.09810783327057,41.116079667872086,38.195118399924766,7.310045093010528,211.856514726456,pigeonpeas,4357.62383016684
61.467425593195316,45.28559367872544,35.4541371344595,26.475597276134685,65.10580677919302,7.14022836898672,52.40044503452802,coconut,5419.923917232459
108.99495194047675,50.96371829594492,99.40149642346587,35.953733706767125,17.994598286575496,4.514665827786307,130.63298465174194,rice,3379.5509812733635
91.76854729462013,70.36910485892014,98.9109427987066,21.26577684131944,93.9000986763871,5.096488108495567,108.01325804791874,kidneybeans,7778.244696413736
1.9720977028017983,131.85506398066235,50.329459766614065,32.70763887081222,61.56428723358053,6.935596055057818,219.58212790317594,orange,3243.0888313666383
91.26776494261327,45.681092046652715,199.79004153155216,23.802914367613567,23.597343720599014,7.889217063501086,105.1122833055845,pomegranate,2891.524565728413
15.736659578912835,68.26021311879367,43.482207577427864,39.293765943928165,96.95389597894214,6.563690764098241,48.91486276842313,rice,6711.768000336039
22.111807984515394,79.97249457416717,198.26668676112874,13.480348166263735,30.02262710521072,9.43162466514175,216.1811657137623,lentil,2911.8001210529646
7.877792190059476,65.5740147484772,160.5802988974074,27.38902191051445,69.68002247619347,5.591648846081339,64.86806513305245,coconut,2078.7000546409063
116.7933801496896,71.67259389240273,202.55466642742448,23.38660305031027,69.86396123713416,3.8223231935577333,201.6284989884294,banana,7108.558366490037
139.62488562956787,44.505010390892636,120.07401296514337,23.77512949362516,62.488303329464706,4.507698926015019,258.0095811816717,grapes,7457.413660067526
110.84050341889396,128.7263998368135,142.20793974960569,17.379825859726328,24.59137076303599,5.9457228026872855,251.66730250046044,mango,4086.966822716688
38.39925267151847,143.59238541060125,140.33375113317666,39.52991904919948,80.63841300509525,6.954115298090437,61.335506525804526,lentil,4091.866870134306
108.99200127935802,112.81563131223996,50.256525458733535,42.13894671618291,99.58566237374473,3.983813601034248,280.3321055416685,banana,3736.695165826216
55.885307098444756,88.04684605811242,114.0635345898626,16.56570670322432,90.63603400299036,4.203244606305287,30.971982534665212,cotton,5616.237616437185
100.33273853871756,142.28289733267022,165.91174289372603,38.10058635183409,44.92875991339422,5.579274281479799,163.73944260385704,apple,2274.359688573636
133.4304051110888,38.924832391901504,99.30327427921029,40.83277771466875,81.8695361097811,9.672897531420308,189.1158109308635,orange,4002.721128475604
100.02946138980893,82.71193506619477,26.761478046013117,40.62455256554073,52.89901902965907,8.200462577911605,159.28371902034377,cotton,5626.1688497672285
28.05044256048304,80.95982847712949,93.04379459420039,21.653962470187658,71.84077877813758,7.91924244487127,32.765775593371124,rice,4032.466965462033
56.32567594621256,107.54502708484323,77.29502506798772,32.25762895396704,15.232247168897981,5.577743296024806,108.69424071631822,coffee,6493.011715380302
61.486903195573376,115.15153926904064,189.69520756367675,28.97551361557304,30.09132437088376,8.506041830697296,285.7156646024761,coconut,5481.387722359736
122.61477788721365,120.54412002424804,74.27694340743793,27.838669318497093,94.17158204386384,5.238475503437419,226.40256441916924,blackgram,2496.390843926031
74.48485615667461,29.717586913997675,131.99901404418472,18.207861488814466,82.0718052053527,8.671906218331799,148.93291269998815,pigeonpeas,3084.863810225812
112.51875936232642,142.0926316616142,164.06507080163757,32.76378910694487,25.656859990590277,8.729314479626836,224.60643413683945,pigeonpeas,6622.5931724074035
36.20662798346666,50.59026877298498,52.24939354302293,39.79338915799424,57.22784277751627,7.699277082124928,135.50402010248973,mango,5786.0851610271875
0.02457222010926241,27.764858520233695,181.52365504363488,15.794290410529658,23.710289141863328,7.866083877972446,142.51639098990665,cotton,6779.545618385866
128.03402690916093,10.06587165460952,53.732202508368985,14.780057979784612,57.19731914766539,6.250085165076223,222.6724594220124,mungbean,3454.495475269183
133.0903874616326,116.5357104502237,43.4019553047189,18.065011211217495,98.52411512967169,5.8907107465043484,237.87481536662204,coconut,4680.892810515526
98.52549114261126,8.20740838476231,63.87797718784744,27.529731021270837,93.65096778999883,4.152991325705538,187.12318548367662,watermelon,3813.0603884759453
48.98999472799707,81.02175140200838,81.70037622318142,8.049900490063642,76.93239415748091,8.310989065462294,227.6589401029222,maize,4070.1239996627996
65.25989897844411,109.97749971035938,40.48248345024725,8.470934020963481,49.910385272529375,7.7602549436330355,160.83443753900173,orange,7342.797545746346
72.13575097576076,142.62230029886078,16.599514494541687,28.423534210306965,44.04212509392836,8.89828795401143,120.41992039513158,mango,3562.9254743440943
50.21038377621347,109.98270364371436,194.27636949761077,21.223639934571676,88.99659509863645,6.019810601806048,69.89950637345618,mango,2020.6768626612181
105.88128934045513,62.86375859615544,89.04652656029201,11.089887450472075,31.3669143480305,4.489921940018641,153.90919968790755,cotton,5175.533245704501
60.05931548962303,22.09576699123916,96.36708606257815,12.66698622754334,59.00797052004708,8.201581058766292,173.82929139833874,grapes,3471.3174703242557
48.32204497903722,7.462588269753443,55.27480145808276,18.826437097588418,67.0481004034448,4.604549081915342,134.82910873104464,banana,4894.852666506995
39.41491556429644,132.2031023082926,87.11705975378779,21.507250065861662,74.27989138985114,3.563253041762953,113.98888701324856,cotton,3815.8742731508537
125.4308294808663,38.41644340038167,44.848375716923634,25.368231085448286,91.42382433298148,5.563072597799529,201.2600630642785,muskmelon,6248.910126443607
52.25569426230656,75.80966201680693,135.08765275331734,41.46950602826905,79.7760161508367,6.0936433956614895,228.02055408243737,banana,7698.165085515276
57.46957063720456,15.922617860103117,183.47407413017245,16.625199827777948,19.500379126446,6.938102314182932,255.16010157730398,orange,4439.8103337383145
100.16313491087735,117.83011126232518,56.98329477154473,18.52171959494747,70.859267195842,7.951745115542683,215.7397122624911,pigeonpeas,6096.191028655021
55.27951441651497,40.6744673102134,36.366739979272594,32.2402082788917,22.014235593618906,9.501870635435402,249.81879242066347,pigeonpeas,7145.0344397435365
48.45456404391449,119.79717313154116,81.80947655150487,29.34548213897245,57.18576480076208,8.098613075008233,63.41385859854412,mango,7522.646218901713
105.48295943389476,39.41253987890123,139.77307878393762,9.512697803923501,86.05301191342967,4.585594195402064,213.8655425797882,cotton,3346.88300739637
122.46675332940454,86.37668537870101,109.90881313300726,36.57568147268,78.44282546231628,6.062081173297846,43.00135436073825,banana,6611.000644176667
114.18704794565414,30.089378938543597,21.440317896386738,19.492522479655676,50.49640196319352,6.973019405674034,123.53378753665196,mothbeans,6739.4702013368305
42.13811129664969,5.16291300591698,80.94890690979135,33.82179295882335,26.902079432400196,6.730733012527315,79.02537278849877,banana,2447.7447285146172
23.192843446697783,60.317483868439425,68.26678183771044,11.396894584418218,51.20876926140165,5.663940938621202,54.08814328716789,blackgram,3776.7027836714533
51.39158459221453,70.9339593347442,165.16531528837544,24.12446457111344,19.40515833017382,9.295466631365525,171.45881671164784,mungbean,7546.966151181751
30.085500700392455,21.304784844828497,180.95338758191306,23.410954151316698,67.76791566989198,6.638626311275553,262.5734921035138,rice,5281.609114689265
81.44477851274712,38.733285969171995,94.28905444078133,12.294699476805746,17.207847116087123,5.551758758347097,96.33094668062813,muskmelon,4441.61547218808
73.11210126784599,82.44473885914591,193.32020775747483,40.240149815714155,90.03362803543594,4.127166348990164,196.33468012465184,grapes,6848.59388296107
57.30801493605225,97.62074368036818,131.74194868462217,21.392440427295004,66.74262986964916,8.707989091632305,27.307166709854762,pomegranate,4703.726287581654
137.9500653684635,56.543520035853184,110.3450032947578,37.69029930913265,59.35879175536226,5.576501898356273,165.60277158335137,coffee,2684.5178626345846
134.91620323393116,137.55056874152228,72.22192924412076,30.391169921318784,59.90278557106561,8.71975667530092,194.42987952910994,pomegranate,2001.5147269433726
14.606907401671537,5.200675810584256,95.22920862275208,13.44016563740087,77.46682887566391,9.387582283400928,31.658767976113673,banana,4373.49267149658
25.58834637288949,130.4213714821015,153.89767798985326,11.697499710458466,98.43199220302505,8.178154932231143,256.4451464701829,apple,2288.9047350392057
97.8037601417855,81.01252184005779,138.3294931398555,36.62559222566654,46.192987414576876,8.931479523959743,65.29067712475083,apple,3625.3163301582485
87.55560704335386,94.55828870227437,195.36152035783317,42.38261313631813,70.19194696514413,6.840809280973147,189.00177625323659,mothbeans,4294.662230324962
87.7726997338457,94.79135469154231,159.82693174148542,22.104991566876077,76.13965230898944,7.877474128385212,287.82335918681804,grapes,3290.781358548075
29.57566231348145,31.302715451760438,99.24739856007398,39.10340097633366,54.27427191456254,6.148631965261869,180.71038427379906,orange,3543.282072509771
25.471796244780712,50.35097925092472,14.856040289548984,41.26547819315362,63.9787206877004,8.71451956062096,137.62685891826905,apple,7419.888005397114
83.68417248392362,24.88025463261572,134.61742242169126,38.20737986887218,39.21008388219407,6.381322343136764,83.47029832379951,blackgram,4167.570374422369
13.436597537455812,60.38644521105758,107.95528440009072,36.94126318389565,20.544690801669162,5.730370228774419,248.69840211348713,pomegranate,5890.543590629472
66.7074560304068,91.81533448226202,124.23859413949747,38.136432708420436,32.54945764566817,4.624120528248745,90.4392493705105,jute,7349.300296477224
55.37309907519869,136.74277517761277,179.27146824644154,25.900499187116807,62.60946878069144,3.5379743791747615,79.90932132178682,muskmelon,2148.6447616063024
107.03792855434425,121.95991457750345,128.8843107869093,34.205327235383194,58.952716272800764,7.457461625462756,129.69093217278032,banana,6751.245590375075
48.796531224472865,87.2337033376106,67.15233907448427,42.97023483725306,78.4001702077192,7.432042494443223,137.66604168890052,muskmelon,5708.913741557344
105.3740448060712,28.959830964448983,170.91689427268625,27.305568128232196,98.66364238575242,8.100441879510576,43.46062754651312,maize,4369.762565662093
117.46190444237226,107.10837480616817,78.87201412232778,30.870144062592015,63.61433807926062,4.306736697295404,85.29071665361094,banana,4046.7338762858863
21.018738416203576,13.147687818240186,179.62051312178602,18.113019628769877,38.967571938286696,4.819860079552995,152.16046937815946,coffee,5085.451807534235
103.51760376393682,15.675219008475485,189.15296282446397,42.07626770802445,66.11171487866315,6.579958114411754,226.10780229377042,rice,3970.1441139632325
90.83103618220346,50.345443887947184,190.35849888186024,23.937543579829352,36.865549743118414,6.112701573260521,212.39687555048232,mango,7075.590713955496
52.38979140346812,91.88917329690634,157.5051354187952,33.7445369393771,84.04042676880707,3.7059801805785737,33.269993530694194,kidneybeans,6736.297764131776
52.8258884023107,102.54374002935111,185.12545891897946,19.208810562956337,53.62433960951598,4.968164010857744,70.98783088562351,coffee,6667.34085435305
116.62694834965872,80.26744410462965,108.37170510746347,39.677941321633384,81.93421401080569,9.318064168712286,80.67268122916076,pomegranate,5146.25291993214
0.4374089506320278,127.46799075046704,180.3842013820609,36.22458359065769,35.35538954013646,5.885617408429908,227.08949060434446,apple,4936.118752445511
88.73940612369594,64.81460747243861,184.8733057841854,26.17421950707455,57.5045876734672,3.898403775625307,276.34946836374314,grapes,3062.699412070238
49.547515455629394,110.61029560985757,69.62824125196529,35.572001803099894,72.46650370459088,7.197082689492281,122.52664600283866,orange,3230.48814659825
90.82268754235574,106.55477446225223,114.84401997737274,21.455005657358402,69.73814137979178,9.313047190318905,135.83714575993974,banana,3886.460158242772
50.93229518052688,103.50190825982797,40.74624731904541,20.716321925081303,39.052440379605954,7.349821584836008,65.24530236753755,banana,5292.207533637418
133.765938669323,86.70571025974695,13.518190794062619,41.92325990434881,74.70413723707804,5.650167350743374,60.9098408679151,orange,2860.51167341765
10.747343200297301,48.43330060170282,106.33543542141948,28.46310361101165,19.733237409720804,7.6693387885828495,155.9074614894715,mungbean,5221.448047485408
133.04696533357466,106.26059276799428,19.133638061615695,31.86240924243209,73.05763272601698,9.297507608272173,123.67513282668558,apple,5509.469001630907
56.935225773532196,79.28801647360713,106.45715105812694,32.81886270352206,49.258393464640314,4.138509584781696,239.26124734218715,orange,6109.118019969245
71.53955087080794,16.08080693296187,122.47092622759787,9.09681112368542,23.177487580680296,7.019983907119091,184.41126078589807,maize,2173.9215805625486
117.39035354530918,106.12426482115355,31.237020784159725,28.736612664726522,71.81371500638235,3.738279691214667,257.7866518940471,banana,7437.604383738981
126.43641960209911,14.912491919809039,80.29803906892542,10.838136991500445,80.13123450689014,4.404415829777643,265.96242105296324,mango,5181.331919549157
125.5880455721209,7.397092011602666,144.7641162488564,41.41721433488254,74.73562261638574,9.861036724683405,211.13748373687596,orange,2206.1781753011664
14.186967778563575,59.13303795228054,181.0431248971136,42.3186854951024,47.780787710641505,9.173064881960801,161.68392771524216,pomegranate,6302.090225983648
78.02367607776327,14.82267106953866,58.72359141875987,27.838501405403754,83.41608391226453,7.0897193203450275,280.2612484300284,mungbean,6861.9950454550135
31.82233701339333,40.59150421155127,105.81902293520548,36.43595826410893,77.96515999245763,7.282399738150104,169.95825758546383,muskmelon,4563.83625940694
91.60890846272525,127.05698069598745,198.96189783527075,19.94671102909264,82.50361158671355,8.94979715383996,193.24216156272718,maize,4085.551293378577
92.6561005549345,14.629292077672254,77.41117003449828,40.73837912564752,88.18267475535728,5.327474802365014,63.662369779560564,cotton,4694.527743011462
136.9414370917655,41.841036344326085,98.92577612847303,38.70777659995739,20.885474988779457,8.752403213403213,178.74032657495826,papaya,2190.8122449180223
9.968013786429742,129.20860399610487,158.16510939248872,14.8929410635712,67.36024569642584,8.585949237959781,267.3061982999884,banana,4809.841561034878
59.50954430624105,134.4700273599619,38.39557644580209,17.35681468440825,19.437293175554494,8.59088613233656,192.84910933452045,orange,3889.641834087497
104.01794527188456,71.8533650289802,80.00825889898037,20.905340184652758,30.729577841404573,6.36343330743677,193.648685315313,kidneybeans,2834.9290071093424
4.999532863940033,56.12286979492402,100.83386947908836,14.524589932356465,24.336472564316324,9.069944182398991,281.16199233374346,coffee,2472.8401882724443
87.77045633018007,114.84457754822553,180.51635450667348,33.010421492366106,59.08435246443179,5.24602930408589,257.54894652399605,jute,4883.469516132071
124.54419531741524,132.63562060616303,126.57592877471095,34.816173981446894,77.63408762645511,7.735658227130285,249.98299345439906,mothbeans,6112.4397382419265
87.04172614324347,87.56326575786844,199.08349587737274,10.127364486963446,23.29854422746129,6.738934180132845,166.53653144831043,coffee,2239.5659528310275
34.19352553234464,131.50161794222984,24.899882851323135,30.9656632255707,82.03337205141057,5.771474178334126,285.25038606869896,lentil,7104.384107516224
113.53031978797728,51.33701713034514,39.692399622962576,15.321795867001718,67.24980495253519,5.074625447771071,263.88390431567996,watermelon,2623.3481264858838
13.007632586158461,57.84967927925316,68.41648347859012,26.761972401448055,70.86241737694667,8.002304707178027,58.017896564521735,mungbean,6877.6862116677285
82.74335834734505,53.65474077244883,6.1793880073573515,9.22610785292159,71.0890756823361,6.8488515081950805,248.24113018305405,papaya,3802.4591527207813
129.9543485013306,116.57646904541383,126.85948785828286,12.054847195131757,39.06733784180247,9.700591405429705,108.79934344254885,banana,2559.529218712225
54.20617669794023,96.98012412841675,156.4247647954419,14.654406419117844,42.603263258053204,4.196293416838111,187.41395306100054,kidneybeans,6805.626174925137
92.59628463662963,50.482481393900414,108.26331233223401,23.569024015928562,43.14384221738598,8.92807225154034,154.41496673259095,pigeonpeas,6996.338586782879
76.01193681168161,105.4664318026963,181.10610513056585,30.436481139376298,46.70959872746037,4.681614123118818,231.28996781855594,papaya,3240.689355944721
25.369626431969035,17.747539043325023,55.2200447413069,17.972543193379,69.65998556656226,4.529653553549177,278.62532181035493,coconut,5326.17011805364
71.86110154432976,16.834566141100133,98.8788757062658,40.65307623634504,75.89948151966256,3.9954347150418754,82.3303277940584,cotton,6041.974519360605
4.608602146953526,118.74315844088316,117.36277606766174,27.11319638537374,96.37193371678877,8.284925520619348,256.33304531959914,mango,4123.973417268
6.284377620792336,120.17187971637956,172.3475139889838,33.434502946458295,44.33607107646992,8.756028479288592,170.05731662752117,cotton,3825.8616588795394
64.07996720975255,94.99531635856043,25.607426195020096,39.65623154933151,62.89996236701436,8.494164784801004,240.85465385614748,rice,3538.8831582086355
134.46716521853685,17.54883627491589,141.60997960591268,41.67924273123102,39.84963129264591,9.013266696987827,279.5567976234995,pigeonpeas,6482.51725636895
46.76010063572314,10.013301218482303,171.29064684907104,37.7363915278878,68.41308665709258,5.7561782480886485,41.35346568389791,coconut,6518.345659489457
5.433677343758583,9.88122688438358,23.11760042413315,20.35784050903031,14.531733782880732,6.661518498752899,120.26616667798615,chickpea,5332.647814644958
55.76974507522727,16.685701325474014,63.14097118087642,27.030435719055767,37.70464182139273,4.915906226674574,166.6153969164215,coconut,3018.9220753744075
23.496412991073285,115.42804017916907,146.0088943651069,19.274624998570765,42.44356634667301,7.1067301181894695,256.9599991001512,rice,4317.121664716787
34.08389008807966,143.35460179663434,195.42477562617412,27.714265218221716,74.1056211828963,8.629154446135328,220.4375607724833,mungbean,6198.972146494525
15.719144817470411,66.64060644121746,191.37665636728516,13.08240903501347,39.10370879644308,5.447357761104998,28.356210792155586,chickpea,2217.639408139944
79.95296525807557,47.9307650000065,80.7349321413169,33.019502509575844,45.52047950569735,4.957666579797045,48.31078096474423,coffee,6373.598070308223
41.22030891292361,81.8093748373808,131.80739468272174,28.618313653580337,92.70665918251272,9.248945052752344,289.93356808977,watermelon,6004.568036041936
116.54692000446724,42.9164996475943,90.48713391025942,16.343735476615343,14.360955831428608,4.703512020140215,21.128842987751437,chickpea,6319.03076810294
87.67009872019634,102.80543108761998,79.58631371332223,24.78238927673909,30.945017436244843,7.853577540470551,81.56363943862523,coconut,2007.540772362867
42.842133770037535,32.52848594524032,58.62934619315518,19.565669416652664,54.81099267454294,3.9438506945190186,34.64313742511534,chickpea,3757.4645932284357
20.807378265786696,61.69958544277268,25.63996238116721,26.65651507610041,22.42269942292561,8.5592536395082,177.51527747625607,pigeonpeas,6343.807242641102
76.62098700857744,93.30549041740032,196.50851148941456,21.207195982393436,67.16522948635202,9.120358693147582,145.08715244707628,orange,2734.0745069439563
20.141203992958136,92.08833129949512,21.064621137906677,32.31178006041668,46.8381623042569,4.3479933201042344,259.6501382393635,watermelon,5684.050034233624
36.79059612975869,38.67530506270704,43.9112322378544,37.44291786010037,28.64852055580878,7.095869976828151,41.495028018868084,mango,7697.128257071601
126.44135156832105,60.702889126569325,167.1344113524823,37.877906780725894,74.45363904136562,4.094863785303721,24.47026402084186,muskmelon,3011.3580323373308
56.59300581752711,113.65819616601581,195.68539668016265,10.76314376928177,60.05615429055875,5.500142536475561,82.65950262007868,coffee,5034.86410111829
35.63232631510579,102.80582017622082,103.30236408096869,38.99042969787776,34.03065223645687,6.385482768752697,46.87280527205656,maize,4010.918855733924
79.18868320125065,114.53363305129703,9.610556689042022,41.92900393981654,83.64981637069113,8.307383703331702,231.38769224617997,coffee,4334.364257711915
54.147829204414066,130.81895614047102,40.44447666129393,18.2321598475303,61.41502867212054,5.542950629678544,137.937954192086,pomegranate,4954.536136391568
118.01168958281662,87.11819850462956,79.45405162533545,10.807999695119701,45.103181618104166,4.665232074075453,287.11986292639045,chickpea,6290.191049349718
53.15156222161425,55.455776716732046,83.34961752104235,35.77324426241136,41.87727865474689,6.712148354577054,193.44615513449523,lentil,3393.0713011016305
138.1832314774065,46.76950829140367,128.0538320687175,16.38277104141067,54.12813886965166,4.780315092136799,175.17744141333264,blackgram,3590.070718902005
84.21868963506604,110.44627853874438,91.66389804657936,27.15822137249112,19.338031756931958,4.0750906752002996,250.5802623638003,pomegranate,2358.02993409498
107.46331655544468,54.35379773497903,182.94494819999386,21.826987076113767,75.71864012784283,9.513214100701948,201.0203812766634,chickpea,4480.933480385029
101.54348057569806,74.8074248572797,126.69821731272337,39.422092388926785,48.52478665466399,5.964800453883022,20.986619738406425,rice,5680.557569127392
70.58078856196428,117.59273046451173,114.98421410393262,17.43726578258366,81.61048424464593,5.226188826128249,223.78283510295984,maize,5661.550731141388
100.5102734768297,35.439215958789845,57.813427134733004,34.226488949774705,29.293890481140988,5.073680553429617,24.878222464696798,apple,6320.30959721064
97.07961229394347,115.92913500969027,56.33970929291305,23.551730847903947,70.68376285945308,6.314518424884119,213.85656414838058,jute,5803.840450642652
89.85592923571195,30.33714086483932,113.14199098323938,23.75978190025893,53.64776248520385,6.50404512372861,265.0492059426042,muskmelon,6911.764646819694
112.7500738226486,94.35251449042833,118.09442631005007,15.908344879863886,92.95458435510315,4.723571450222824,240.99635932526024,apple,7800.036000231758
22.65146448463371,9.220131271683831,151.52844848850418,16.70149416576089,45.71167671615279,8.76538376842165,51.87478403383621,maize,7013.564181417276
114.1256525209854,55.28417107830204,100.99129869266254,41.799112079612925,34.82680258206583,8.116026223550334,229.92274542690598,papaya,3325.988945141811
20.33865637353263,110.94252383758779,48.63499525559442,35.929180276836505,30.329850815424624,8.116746007688311,112.59476093580486,pomegranate,5498.71996933405
123.00702355306015,114.71430302274453,86.60283339965375,42.36328079512394,46.645053368729826,7.587202554255525,64.77862150331228,maize,7882.693391818357
9.208738477560246,111.87849399089404,159.94468584412027,31.512045422678046,39.10422678596955,6.634016269829642,50.70075522382318,papaya,4829.522398754916
73.95265258009417,58.04353313717287,82.56330852218622,27.441275206803546,26.138194926913954,5.978457857628378,144.25920829396148,mango,7910.757342056745
90.24104542332165,24.238169975705542,18.096276366043824,38.50397049004306,76.84320160688904,5.531995440605241,160.27268480542966,watermelon,2814.4651067110312
9.846282892241456,110.98462797176828,114.36730205399732,17.759768553036764,88.18139444928528,9.810859970168668,90.70905013294336,mango,6837.476897515596
104.60661695479372,139.01298560776382,102.32341846039847,31.595881419482915,84.85345327181915,6.569033248275369,153.83787438173763,coconut,3911.928524404108
96.06740915597791,68.15958593014699,88.86733147974735,10.540637510919153,14.559098627243735,6.884921385803798,136.06301295374465,apple,6776.220559410585
73.85362931444381,137.5284444351473,83.24564425669661,10.271734367513444,47.38188452458726,4.432743525593457,83.9371124950218,blackgram,5708.5437389899425
18.876781203309633,104.61081583294735,80.52827659526227,41.645429094653,42.00576983954507,9.794551819186964,77.10766533348304,cotton,2616.886317386321
123.98187052000246,78.05927222933985,32.13002118744161,15.087466736143327,40.76841694486244,7.2770671220013305,112.40134528597855,watermelon,6482.324492535963
124.91232039284202,103.00476573507976,34.736878471339345,38.374137385707385,39.93278514284242,6.406087323598987,166.2676871935827,chickpea,7103.039626269171
54.10861484819205,16.999413081359755,32.86117333455158,8.162428892430242,14.820809162084268,5.933842492818252,244.94753777548178,blackgram,5522.026163550159
72.6948932618841,119.77104018387821,181.07574503723484,37.740925485088134,83.84336109906135,4.669363670805017,185.09759065153148,banana,5492.979176590221
97.1924630352392,29.185650441675378,175.52644655430797,12.900899131445996,48.46987021115447,3.9816486483725173,171.56867991123724,muskmelon,6018.474844553835
56.97089644899269,66.78538393791324,17.129998106683804,12.855871548841066,47.828136684474984,7.977993087582518,33.35105775277586,papaya,4007.3467569864993
25.924631438308275,82.67790665202511,149.4466512374388,39.6391660156802,90.01698209334793,6.755937852352909,198.798883423409,mungbean,4365.4264167758065
88.74645178673572,95.05835913344143,86.36426641853758,25.255541159532815,73.68644998302477,9.593449828546703,102.09512594660679,orange,3478.178911744637
18.311875601790387,86.55459626829395,22.770297014286164,25.170435786157807,67.3556362253639,3.948701691346188,77.53297624171894,grapes,4012.245709277149
57.6311115522284,20.095314339272583,83.68271527008484,33.68777591566494,93.23063140448923,5.110748184705986,118.75547381787973,pigeonpeas,2923.7659646265574
134.42638020138955,94.73331077874457,128.41530600124526,27.37214756751519,21.60719369895614,8.168824489148054,187.36977310671952,coffee,5968.860613137722
113.02720390077315,100.25902769959073,185.94552148458922,39.41121025866064,18.571251347588852,7.400457005924302,54.65866453676009,lentil,2470.8116704643285
3.8815454666588867,12.964241369860869,18.431556476564268,33.58625154149088,57.100330056432796,5.860946838531799,49.361538582762606,papaya,6393.441501235335
37.145369809053406,96.32468821749713,116.80217851936835,20.684372463465557,69.16792248928058,5.235817730458356,240.96281272600285,pigeonpeas,3375.9137018459232
83.29023323611554,122.68408715058032,10.916568909047504,20.7029907261476,84.14963044302405,8.709310616331027,255.93524367345532,lentil,3015.295400836948
17.382426116693512,75.98667226667494,8.746058412083975,21.70606583225444,20.43648264654084,6.540941953004048,137.22749782510462,blackgram,4666.310159828336
102.83282209864063,74.2839897546769,8.613327019172829,29.30035592564758,85.41952477692509,5.015531328386884,81.45572391368133,blackgram,5653.317098715623
4.607927612564316,90.11400573340632,194.81941778568526,42.64030963941502,55.638125275712156,6.495722374944631,199.29992826716455,papaya,5333.808543229819
62.28600697487532,28.660188499710436,97.20196976792423,29.236872718969405,42.46186503027192,6.765650055680575,56.19952767538025,cotton,4713.128627075519
24.36897923702318,73.39190959940542,169.53069181007382,17.755445235449343,58.947335249278815,5.707757342459086,49.13550909200575,maize,7749.790898427804
6.434721581555445,127.80237228252155,7.366567175954426,10.146234399227374,83.23620583121682,5.304853355347559,220.94404370988585,mango,2877.3544953074825
26.95264205477172,104.31638776070638,17.28131662822434,40.162716008867406,20.972442788667696,9.35108080860264,156.4444153478514,rice,4688.546676775519
24.892453335411375,125.64987851527854,112.60439262713504,38.73723359793952,27.046513440030758,8.377033928370086,209.23420971040034,rice,5257.600324357774
99.73520227341832,21.16576852490431,119.04788848916014,27.892641385252112,72.69073613637441,4.046545229664519,194.1679194199748,orange,3684.5117044780472
108.26529737857074,103.79043109082187,28.780603535598676,28.691467549062565,97.34402166090352,4.503324398944015,257.1081703876654,rice,6215.288483322662
39.474165799970365,45.30445011317794,186.2038911552976,20.594121123239553,19.419323599581702,7.343818902908481,54.69931199363226,grapes,6779.57744844745
65.04043938563548,26.303900255838144,108.11876105087048,13.521028550993455,48.266812165172254,9.532947893969606,115.0701590353072,jute,2916.7236418608027
2.1699883366449435,128.19799681851708,25.16095697371152,12.918330346303005,77.16634645255039,9.035798780355073,169.10519655607655,muskmelon,3734.298397674675
41.294738262925335,113.33561156492631,181.13217568831095,17.13946115456781,22.178313564023803,4.376285138467903,240.39938266501585,kidneybeans,4614.961467917755
103.84966632455846,135.31718441838746,38.10394712098193,13.048795994080704,60.56292791022972,7.43237539094461,153.4882168369659,pigeonpeas,5593.7998179432525
105.78080733974222,61.20353484252809,73.60475455627805,25.818791633700254,74.97028512360491,7.143820444755534,243.0679733187124,chickpea,5776.175383220705
3.232547175508116,98.59351938245592,174.02112819605236,20.41194830550915,17.958849708187795,9.81536382326757,93.30811501539661,rice,2759.726730144638
75.9418392434566,143.91355291864517,176.2287196140039,18.65380233931988,39.889944450018575,6.594894663347579,132.4784291946441,apple,4226.9182776810485
16.768973183698538,27.8651373600032,133.1466718614891,36.46953950123041,44.05480665240256,7.309988811798082,67.43891767308527,grapes,3868.2580214319432
133.21417709856206,31.69779417024086,188.12341841477985,17.048562644370307,22.834210137069274,6.310268463404592,190.9469933916645,mothbeans,3385.9392391997135
100.42589018572173,121.76591750973385,7.626674741986745,20.40615671035603,77.88223538965053,3.999090131135893,177.72050042016411,orange,4574.436604730019
33.03658079672319,44.87087846933999,27.371989269264493,30.103791840993114,34.846217357662454,5.276764797564086,269.710330299641,coconut,4802.738556158836
135.94921649502177,22.864323164119796,40.0155890361016,13.85318241781264,64.39651196097728,9.372262922218471,90.92096563226985,jute,5318.221120751368
88.35916546909179,22.254487065131645,103.26215350253958,30.93136347869036,63.80500084097388,4.396003089284752,64.86179728112256,pomegranate,6028.346028949929
123.09486603088986,27.74708147276648,17.878589293247277,17.421525406009053,66.19730550408553,4.287762261780932,151.10331889294866,coffee,5764.022662551919
114.15720978514658,42.443753588411845,107.71825527385809,31.17033476149163,61.437846474632074,5.253732591375409,241.3665178460273,kidneybeans,3040.166074831602
24.727279643442806,55.165210002513646,135.6580489518967,16.189876757671975,29.794892335242174,3.563703204565532,151.11678099427917,kidneybeans,4571.873415891096
28.48931407564358,82.79297024083004,48.781232518263316,15.210769988856274,60.93289415559441,6.002670670012602,179.29213135439582,mothbeans,7980.952620867442
138.65569145287506,40.36672448424845,99.30727751564896,20.387468680135626,44.595421489510024,8.890605431988583,227.50446524698017,chickpea,7952.908611380289
113.25795609396638,134.195495043772,52.38302379334183,26.886165725466405,27.667769314654635,6.680798073136444,45.051725568361306,coffee,7650.368419702845
139.76132438546688,30.573239258752956,143.82868299192972,39.04452027274003,63.53068239741394,7.5940568215459905,133.3325628857642,coconut,6048.565002299084
134.04881810193322,138.4017328501317,60.87126464815198,33.60339653440035,63.75748537895724,5.019850848035994,92.8836913841691,mungbean,4946.919045862703
109.4022445438214,111.70331815668659,162.9460583351,40.253933011887085,24.240106063168646,4.544095207858451,112.7279048591654,pigeonpeas,7490.847193885457
109.31561667752995,112.64784941277664,75.84413560685519,32.29969909778737,94.95093573390783,7.504283711519402,61.25801430037313,banana,6078.251775674571
55.025430039282554,93.6691872204279,183.77799478939284,28.579555906319843,66.88128622433096,8.084371085319837,265.2259564983343,coffee,2529.080367445118
130.36213275548712,60.27773996710295,90.63513749243008,28.249601931969195,53.81261068763778,4.579050823920335,25.158439861421193,jute,5658.86994787221
14.89097862380319,34.533380695385475,79.0458971649947,36.305978015739186,37.15638721650407,9.14514818738412,35.27828915271846,jute,7645.73972755361
108.47981164029892,41.92278617230455,69.84682527481658,18.85972425214811,69.71155662988437,3.891753644729468,156.0536407033161,orange,2803.237814676471
72.40183586845411,85.09928460314948,30.978565259751086,37.423852801615375,81.67853273492094,7.701410520876434,149.60110809944487,blackgram,7786.755609677075
14.646779076906057,102.08311775365576,41.34951653781873,11.430540115687489,79.11583141911633,9.192199149450015,219.24535425863414,pigeonpeas,6833.44071688852
59.93887825955322,41.90042834819374,157.19266355216175,26.60136235850945,19.820064037401597,5.857225636007204,266.0059411049342,grapes,6531.419187199712
131.34564128623128,15.724407170149421,197.2469407784378,16.599678236963648,14.782099506008057,6.276371433717292,119.7937794529884,cotton,5234.5340312407625
10.884362145813643,41.65907439717799,195.66443209327122,11.87578185786471,40.23160380191426,3.7295193501098147,61.39064232940716,coffee,6196.382644794738
75.47262030311465,32.801616951651674,112.90458870252992,14.40492008107346,51.73139984589543,8.617186023950264,148.4135635681572,chickpea,2892.1959097852896
18.97148434927745,74.14863678363697,35.528306185234015,13.95518168718339,14.3750032873706,5.553275237493683,44.963639968255166,mungbean,4363.767652042552
51.45447270993637,103.71142831694694,153.29035360787162,32.38122355762842,94.55736612830884,5.018683372768967,72.66889396596349,apple,5658.268935451202
90.39669358293537,61.33858919597749,99.38182198291751,33.085367393850774,89.36231855134427,5.242200325374564,115.09734927995767,mango,7584.436378174476
55.77647808979939,74.24558380929618,130.89288203531822,25.670735670781692,60.15780195693476,3.6540290454886746,90.50640701924904,pomegranate,3864.179947635032
124.50060309007378,51.175896119483106,17.41021052708655,24.659158903091114,37.206034014337476,8.077467454568309,286.075621693977,mungbean,6145.844906909383
130.43533938693523,121.89930310867506,120.71969813561951,31.638577348594715,67.73599865785872,7.764083367627435,93.6070787663828,coconut,4448.750805247622
113.34109652809786,138.04543545541827,98.0478630359872,32.53735140884571,77.38422789797045,7.738384304137474,172.09800011536066,banana,7289.887727448863
133.92225748713622,144.1200731563411,188.2001085191686,10.970686068565037,42.653751372658306,9.548880864656113,243.66025596675365,mango,7467.1015358445775
113.35132648986325,120.24939190528902,146.7410401098006,12.594177388250483,71.39628171222945,9.19015413329194,138.29779725464556,jute,4481.101126271593
19.273836996540908,39.27547458472534,43.622042341802796,15.699900343468977,93.18132862691394,8.081245267448026,224.91574055211834,pomegranate,6763.971865215695
126.16922301782574,121.31098119747038,192.69329252355263,38.40917154455626,88.70767496130127,3.907829290807797,255.17742284947573,kidneybeans,5644.870367018709
132.4726060622338,72.77947779651231,79.9101926806595,17.89736319610602,56.89263253382328,9.480999370182731,61.64707642399862,pigeonpeas,4518.983831283322
54.28964204249305,38.56916343816665,79.48535023519365,11.886623555216442,97.51507371936889,7.173071641341306,55.53002429706918,blackgram,4116.836055595435
74.60398912972175,9.97047162060853,195.16820684582228,17.63814885162306,15.391881528142642,3.989241657281808,181.29418310293758,lentil,2826.7131240505814
125.72950000425952,118.48154073347574,69.49422256922692,25.703161805618358,78.54428377693458,4.736480815861706,28.78416888928817,muskmelon,7113.827157849702
6.5125894883096125,77.77695140171888,54.579394550175124,11.338083276430963,50.45648252393637,9.356900732911328,221.32550016985508,maize,6893.695492082165
89.59984650354474,5.120020696350247,200.98366374585908,22.22986512152488,58.491515703892325,4.746746110675334,189.8353645497986,coffee,6863.719197676153
69.31294299904187,65.47067927088673,87.06112271198303,25.661863902609415,45.553026920422255,8.29214925965957,263.0476233924416,pomegranate,7297.311839871105
137.83524427881298,18.296851126977593,72.03868703440973,12.004723805460795,85.74367880973134,6.676301386497803,192.7107681473027,blackgram,5239.465194410037
44.67851406438848,24.249069634204524,8.524000545942796,23.599251101907836,92.0737608760636,5.453705843278507,74.47599627570321,apple,7556.256477482643
99.94480570593583,6.83709757862869,68.15707668797579,35.29449033567609,71.6937624864398,8.183135830947872,245.68339390409614,orange,6699.414313267774
89.72213284337977,139.9290790982825,198.3245220319527,21.222976417071536,64.72640442238678,4.404687199285624,38.47491421608326,papaya,4596.679233553415
11.528509404410087,128.41434672588088,188.05559578256688,17.67327708605648,46.44657229592663,7.725203183986294,111.720545794208,mothbeans,7262.952249620317
8.321892360728304,61.23399443319491,202.67109794331753,28.973360046389928,58.167656582961804,4.635655343799959,177.20518676689923,coffee,4634.259562816718
51.51995260273345,98.88481336098836,50.08042295376005,16.41129689721534,63.42499144661148,7.088114720934311,233.7067253873586,pigeonpeas,6546.879834165596
135.87774010656983,23.141012971771158,27.325361702708136,24.071052958495518,70.66430485595616,5.771508934226504,73.51973217073905,mango,6913.780208164858
27.204936273747006,56.11188285096182,47.910841528558194,26.180670823431917,71.47288720784212,8.61716721407479,83.26224442892271,mango,3001.724034226673
7.302012319466094,18.90106848155251,145.35095445169966,20.882439682605458,71.73472667485848,8.823015169791475,257.02903761836046,mothbeans,3033.005872786706
102.74974130854811,113.35728347736746,161.9351961457755,15.985856703320456,30.557994324244508,7.276079796951654,226.02185177122507,grapes,3914.83709320516
36.95409670728812,14.297210141701225,7.870261917058703,38.83533842243495,44.41015917869076,9.865080909379866,142.98085260119902,kidneybeans,3125.5865106282463
13.56718085489355,45.670454607806676,136.9408964294184,11.448027571398685,62.21648940105864,4.267269573273627,78.82906100312806,grapes,3033.1311653345765
101.19958515454958,120.95962632355463,60.4587793812952,31.93380596087261,88.16968033050769,6.568233695338141,139.5099371441509,kidneybeans,6316.427080590672
139.04395164716615,64.51439210199862,40.18865546499732,24.51772684752095,34.2276294064049,7.092024453084807,54.97156389774894,mungbean,7699.857641295116
89.98269633784261,26.7518498311565,87.87663387125532,30.01896002181506,81.27169404060261,7.884289124535165,206.68632107718682,pomegranate,2894.253255051245
34.21116878098038,108.56749028508933,195.12875698892174,12.79760549399155,57.94849961654779,3.8637884843621286,77.45176001013893,coconut,2538.9161207664397
6.5488010266158625,141.39811367391243,170.72998199252012,12.605792696802855,93.27460705930177,6.384405047073207,123.38764137983365,kidneybeans,4766.319983163129
126.52255499606694,16.455265792420377,138.72151845336612,8.492844992670749,68.17213550298544,7.0298079317157995,245.69892038503883,jute,5189.974837186875
33.98512198595172,16.93496384949022,111.92253485928624,39.091267432699894,58.26802648018929,8.230258287781712,102.96491282448602,mothbeans,4688.785159248606
65.52485700918179,34.8829065142453,191.92107761545066,35.8810159774432,18.787288560833126,9.893234956675315,213.18962161034844,banana,2961.5995942435216
47.449600375759346,40.85498846446385,49.48923355197301,14.996645100369374,77.39267026195212,9.180059270764273,84.1202758235104,mothbeans,2511.4417867769234
95.0409724719719,114.07371157104382,105.1858808833011,20.73414485939349,51.15567336327697,5.985810136780492,286.87580449007373,cotton,6608.539431314842
28.42415313263595,20.53044405700057,155.16612501887357,32.580837982791934,83.76056386285194,5.698978699093152,278.76452777112945,mungbean,2716.888570238473
42.078943915676014,116.62542487603505,139.59646145472962,23.267306747791807,36.03781082071285,3.8793458353150543,113.82655080839736,watermelon,4760.118606528498
87.88599081662352,25.247967337282642,105.77943965851652,13.451142614870548,25.01475177269962,3.577877410445012,195.2063898424474,chickpea,4154.135700140516
85.2141283839739,10.553157356770132,27.73119381322686,34.372344651819546,75.5577418857813,4.4823808116845125,36.37660777625516,lentil,5472.307132639211
89.04025255845448,137.46747975279916,46.400166311609034,42.61637346145285,85.46223126986014,7.26942456880859,204.1393115821572,pomegranate,5892.955259003685
72.37980164976648,18.92610098873021,136.81243916506233,27.793323563355028,14.896741550678813,4.81003410933108,235.79056469842232,mango,3654.635685812127
23.120819695396413,138.93241237938986,49.78162630822287,24.021227858376974,23.86729266843866,7.361006844483766,124.37541137590507,coffee,4119.0407732582335
79.67827037974178,57.44114497089794,135.82349683560216,13.72480115677005,19.460113754064707,8.968832590836485,176.77702365874796,pomegranate,5894.571641824527
117.76998037154743,53.42461058148325,128.60649683622745,25.135697496946012,97.17610874170049,9.579749765612107,293.5072443743353,grapes,7198.692683805585
1.7667806924807206,9.02355757609717,39.15659175642893,15.382079464923795,79.70017560667185,8.022842649706227,191.27249711809225,rice,7309.153378900033
30.844944019739962,60.17587369178197,124.70068281033599,21.093700806077692,46.2455036825251,4.351754490705903,281.52758901559116,mango,6502.966306970579
107.18585976310312,108.57129897210022,6.946192031104599,20.93615041648176,66.18030136799564,6.39760417189143,236.28014100430102,cotton,4552.749995806604
25.67983818574389,99.3228898486912,188.1074799860899,19.33748285480194,91.43540087562117,6.734693929768925,108.07182702005278,mungbean,7379.049410669189
22.002795218844998,83.26091545802463,137.7426505040388,10.185199940980377,88.91736241306646,4.684901664269027,82.65075423905002,maize,5968.099040498378
46.073686256374295,102.15147791759443,176.98774934669706,21.316247810400263,96.97795301409703,5.195953863811463,107.74058803389934,banana,7521.971459762232
15.210829078610267,57.18878641050014,53.53887969114692,26.111294377880423,86.5290570829911,6.292109662748286,140.4690844423938,lentil,7432.105413962222
136.2856455092635,56.00611386200327,130.6480851884525,24.40156071749975,54.263564259776665,7.997563981566217,296.51611908648675,muskmelon,5954.359102975709
3.866248016717817,118.45983166907456,64.99517635365943,12.434564576213269,23.746731348502703,7.851198810685611,297.3374804192729,chickpea,5997.170590237398
90.57519576298321,77.35878388310964,182.84537831699743,42.63471486401989,23.961780617357796,4.3317113860922944,56.23010356971366,kidneybeans,6087.062576423165
114.4307364721898,109.18793348048631,176.94077764094877,15.515155464001225,48.81556884308582,9.78194840142744,63.93576489783184,chickpea,6028.704914932627
76.40880145149126,69.6773155932974,185.1564000376851,39.72857212418213,84.68489473063352,5.901907682387968,219.40916416913456,kidneybeans,4371.730766417659
48.00637009712343,14.935048659974967,71.35550180092945,24.125977604141006,96.17135695115138,5.505827751805599,270.8820838991347,grapes,3373.149654940982
80.62750617160918,5.650743649539289,13.25335688044464,42.29329397333641,26.46931561223265,6.088905016470162,279.5995344527711,pomegranate,3170.2369083982967
22.45027478454603,130.22515310411268,63.58113509667191,33.58958881375482,81.07275700306525,9.664209281639053,158.5850756937002,coffee,5695.013092786593
38.063794336803994,136.37781236226624,138.13950961478406,9.649875789443877,25.673427688438597,4.721002048586007,88.09814719017902,maize,6384.064220176619
49.08325411865883,132.59366526592024,116.3335372674008,17.29237973434875,96.30684149730665,5.063621708599568,271.6176947124047,watermelon,6354.618041687333
16.353724353697174,57.32269235640543,32.768328509597055,38.84244563629298,78.4674193784733,8.348235435502268,201.32731194104525,coconut,5042.261221620258
121.37208943186167,92.74772464609303,123.71355134980848,9.084333364725165,37.89891821430448,6.713168940174836,183.27417385344685,orange,5782.607174004404
44.07211565876514,49.8130352705772,145.07702662865867,11.98100567948035,85.29990357458381,8.370446657189849,71.79332325244815,grapes,6314.986290673337
49.65278524709427,13.460294801369281,98.3291601502751,42.81202507970437,39.70850088793759,8.211334218676804,172.2851571078811,coconut,3951.3518031888425
8.208138273806163,6.617879341985984,144.82776594015982,17.7750623527958,42.73078501590831,6.999532965852879,48.47084822924998,blackgram,5856.166499288298
69.74060199096886,68.68833688468462,6.800669984685377,21.84601661995469,64.50950367479905,7.1476461850608715,228.4353812169206,muskmelon,6022.255462612033
56.54419642530466,113.39110676184185,126.18178864265927,25.308040993541145,92.51674495306675,5.913549210698754,81.15449696169446,pigeonpeas,5648.60712111255
61.47324702006256,73.12540611651353,196.91068285998,33.64399919888805,23.511750627501623,4.85763245357191,291.2103043730854,apple,6358.7933227611875
103.86136041212292,104.9603791932916,63.93799708787502,27.278571390774687,67.95769956924539,6.579243589295777,249.95568045092753,mothbeans,6997.214250787937
4.002489391560104,14.240900638190547,81.74811390256626,34.2411225519938,92.53745561955367,3.690133154219217,122.31235464693235,blackgram,3342.6946166984653
118.43554025164975,33.89724147686533,147.16545068697442,33.61146130555,29.226961923301047,6.275653868852709,192.4539099133763,rice,2156.3996415955935
83.82831857870632,139.55741625924043,43.318989936884606,41.018290164816285,48.52368193190239,6.881753493769514,54.121530833317884,grapes,5240.6446335307455
80.17331048606496,27.909195248238262,160.37247056722236,38.12518970067487,90.47340177930086,5.4460773685206485,203.68443219967543,apple,3674.2543227815613
16.873500311685298,111.78707355696257,92.94572753270695,37.944232165243484,77.5480539588086,5.9097257004575035,271.1838935302058,mothbeans,3700.022835651862
15.842260922554676,20.18210648517666,149.87138696596713,12.960032288665037,54.22497531584446,5.784683557617649,173.04015113412055,watermelon,6238.858923316417
35.87396809587469,124.38901472841859,158.430620428645,19.909711175909997,14.172968733707474,7.050116742103854,86.15162106336435,cotton,6473.653570999062
95.00426922667339,124.32323618436064,112.15195990370066,19.758443925490234,80.18074495731142,5.197198334535538,267.8422308775887,watermelon,2428.565880397615
115.47707880152613,102.95725813403111,198.47719753273864,36.388798001998865,20.663113672880826,8.065003023246312,168.86892088741988,chickpea,2098.616347593963
47.19215772335033,111.34300358331643,93.79980414934523,35.295925500707966,78.38932634415394,7.20118675280591,251.7163637281801,pomegranate,3173.886479316243
13.175115623258321,35.63771437310865,105.71170926510449,37.663620121170624,88.12914102951129,7.4436918947666975,278.0329110604133,lentil,5000.373959541248
38.811501039063515,133.29780853405987,82.58701513577387,25.619143809556157,42.282014397638235,7.7421606418606705,296.61868055167787,coffee,2153.081293188618
127.62449250034726,67.87368156754897,141.33969898314297,24.293015379510535,24.435597496871146,3.8750248696081613,284.73216077677506,coconut,5675.250640526574
108.05454969436971,35.43835679573594,49.73504241098778,17.627687479827305,64.46194168921036,7.721861962820789,24.893501588973898,kidneybeans,3451.2178166827416
44.14268602786044,42.44235801535764,194.91899905757415,14.486849910811763,74.80644849741196,3.7736226415954754,74.95617582299832,rice,4031.5841255261166
109.82460536507308,109.8746945959647,119.34746223206444,18.926412588752882,78.13726558810937,4.823496744688681,236.69776031908637,coffee,6827.280152855198
115.18767421102699,27.349952660108404,71.76832601386845,9.009694010150758,24.640615584093915,6.3526456666392495,247.49805730638275,muskmelon,6642.018628190299
138.47428203550473,65.67300539088907,123.96505785475424,35.20299820005802,77.32952194430385,9.693838028374074,51.93749931990332,mango,5484.349196856834
124.6137793862738,127.3753478805411,200.599958712258,25.922745887818767,85.44543454593749,6.234602932014898,137.40325804397696,papaya,3520.090186837154
88.00468964885259,107.25175228631379,79.07243111153183,15.46271221745003,17.2646770428105,6.62662796782011,179.650108055193,pomegranate,7382.016766266271
59.45592218611569,64.3009100604847,37.22457934316674,17.010714574490677,93.60706756359667,4.402630469985294,289.2984739947351,banana,5028.431301291179
125.80565306879113,99.82502231460641,128.60749611235485,32.6947116626293,85.27871411106284,9.117083314251271,198.65382844487735,cotton,7340.043648164346
38.82071987757928,128.2107392437382,113.29456548261743,39.7148155648532,17.454431999749985,6.044100809863908,283.4897951047662,watermelon,3497.9005565498164
133.546344558095,128.49992399162053,117.73360901865973,30.642880717822347,88.78706186668875,8.46574132729078,195.1660901486044,banana,7893.556447224216
37.994695727284835,107.3752320411383,140.0298838897949,16.50701042116478,65.22914520725334,8.580048979889625,29.279835527022897,cotton,6305.770381216489
44.10922253652796,65.04931908362232,59.949006488004585,28.277726606429155,19.042068236342217,4.457936035650873,227.33176155040533,kidneybeans,3119.0035004288234
111.01751300147728,18.062164970015502,92.49476455416819,8.807218544902945,43.825436341339724,7.973480976708829,45.04871176138947,kidneybeans,7330.007760672561
22.63482849820443,90.56287079082833,138.25226053227416,31.435902580198334,32.94471298482844,7.310165806223054,271.70299723064284,muskmelon,4119.125604577925
117.14043116644719,105.32487857910701,75.03230639360653,33.70083833130116,94.88194537935549,4.09581439067531,105.09690092381749,mungbean,4779.95563470016
71.914470910336,87.33450846439426,79.25715128669088,31.444233034386915,51.13322928318864,8.372408157051169,248.3497958972832,lentil,6031.094671319137
68.74538577733716,134.06130097210365,101.10626863168166,8.489327714382915,51.73995947523526,8.752148352316045,236.85693665465075,coconut,5080.340441169086
60.309213139954295,96.69273569374018,36.77343457918083,33.80362709273571,73.3325156398623,6.9757304902770105,177.31735217979622,grapes,2634.6307611295424
69.29052540749306,144.25661819503352,96.42411485360881,10.380009927665208,72.70171978974712,3.7985052859251907,89.63944393394752,mungbean,4122.42951667942
105.7543308227735,24.37670040138385,168.38134201891697,27.438726264240355,14.367667386515192,6.826582312563053,129.9966748140386,pomegranate,3778.6790677399254
106.53629903443145,105.93374346771412,185.81634170826163,9.183757460171972,52.4850599951008,7.846594577533633,46.45556422229978,orange,4463.624402893474
61.03082872475795,142.9566696872884,16.367812215963923,33.1240421649312,63.967396317351174,6.703453933645603,289.8955776128326,mothbeans,2777.902402946772
81.89915699343128,72.83584234311766,108.83963570247462,12.706364348719433,58.483656987723336,3.8166604227464918,265.0668128472475,grapes,4059.4981448335548
98.23189162427813,112.26416250160534,67.90889890778455,15.97103789419193,48.979687630335874,3.6550455194419156,275.41407816940114,banana,4322.085595796747
70.20959337504891,39.67616298252418,142.03224012283724,32.6492150387121,44.785232998131235,9.139488566234716,199.0384542246823,rice,6278.23565155179
0.08562892178218595,126.15258569429534,169.4848769159617,12.311716081499057,46.17304160624236,7.732571573686928,201.28681830680642,mothbeans,7162.102008851339
135.16215816282903,22.44563470491333,101.04144154428727,10.97598757243723,15.94921761193486,9.405134846069526,245.28697271827627,maize,6164.93223875335
31.84413546620889,41.31319933096528,82.3382989277576,36.10032303391411,47.24397714090837,4.809782589736493,38.067292374177626,mothbeans,2476.950490116125
21.956263797524706,126.03577540565549,67.2665743265854,19.437399608922647,20.35958732879431,9.169757592932797,68.51389186466173,chickpea,5780.299412222092
10.83911686659761,6.6937230377833075,62.63138989234897,8.322779575552943,33.7862454149185,6.184804737352566,53.75358275672327,kidneybeans,2625.6665469892773
128.2840824273661,20.056476673661134,43.79604242120109,42.519441155344786,15.291949984457217,6.7528126057787095,163.47937232274438,jute,3578.9691508746428
77.6852126645293,134.7716927894855,71.76630474041441,19.472512420661488,48.456330152480724,8.018662297332277,177.29480030375643,muskmelon,7552.129442594708
108.29038773660268,139.71761543477112,56.24338643311801,37.25276646522605,66.26404076652935,9.781623611540606,283.07611088059673,pomegranate,7837.808269656214
44.45813954675586,25.79632121139733,5.874735820195904,41.95822718498072,95.14093375453771,6.595362426727265,296.6243874104516,pigeonpeas,6041.925984693459
35.47022951007297,36.51707118939994,17.0691010803762,11.287195000882646,70.4804923329591,6.733347961804485,28.36007923998097,orange,7817.970552516595
72.16559966224116,43.181393127699266,136.61977696150063,20.745875200894947,74.41449798897409,7.8684602899632905,45.78277504450796,banana,7455.56424986595
55.012291455317545,138.764700108029,92.64185622224232,33.24273209160725,70.3417370434859,4.556896627731563,295.5376911005921,pomegranate,4781.625933745319
74.0933671207954,103.71077467010373,174.24920945240217,16.24230385035814,28.574126326729537,3.938443555782438,269.4030571904062,pigeonpeas,3202.2025684588925
80.79887688169606,42.09730820836363,137.26964126238394,29.282465669467854,23.300865429140586,7.698493309385641,276.85946493133054,apple,2966.659431114999
129.64598750964663,75.45052710433032,74.54697115272307,42.00503693069944,50.617241341519474,4.979519175603473,69.40082651149015,apple,7971.087954969954
53.72014893004574,80.51243823536387,81.02119974316079,20.596777462278567,53.899402588093125,5.266291415495621,70.05387219076636,mungbean,5339.635389081761
10.783148120313466,115.42492706017798,169.69527519764264,31.74014120020138,86.15989748592074,8.104719810288717,269.34782450147867,coffee,2902.3896356796818
137.65928436052434,46.48228631669976,53.06114990318782,30.331687040145386,46.52124124373099,7.50873946864805,104.78875408814665,mungbean,5707.509541027946
7.136089634644591,132.69902626924568,181.64104037469244,41.977935224543515,75.6213371550408,7.869415537505939,175.40285348080295,pigeonpeas,2755.654498115136
69.01783809457537,136.38932216630795,114.86904676701057,29.191270107780106,75.2244540077416,5.554244695452196,214.3175410676596,rice,5160.751459108302
117.0166565273776,30.792078238077753,127.71018206715195,9.82389650134428,22.78189764961717,7.817403108707757,39.72066720271281,banana,5572.146678883843
17.1310760272434,117.29630260280601,161.8189401159696,8.755646889993638,46.982298127886224,3.940131852615346,240.20540667735835,rice,6423.618098754227
97.87080565911944,41.524922727655046,150.8333405621169,33.07919924701171,53.50368746305197,7.907293560663738,143.59349103818812,pomegranate,4013.273576347233
116.05426240949427,43.04927016676761,185.6642210538509,42.95429885606552,93.05966570048,8.478511845332186,245.83852719891107,mungbean,5442.465455267518
63.07756673384976,78.37259545762404,117.33266738859584,33.610186598789284,85.49463659031491,7.636070045646311,176.76620738406834,mothbeans,4242.615528876211
